cod_universidad,des_universidad,anio,cod_capitulo,des_capitulo,cod_articulo,des_articulo,cod_concepto,des_concepto,cod_subconcepto,des_subconcepto,cod_partida,des_partida,cod_seccion,des_seccion,cod_servicio,des_servicio,cod_unidad_de_coste,des_unidad_de_coste,cod_organica_libre_1,des_organica_libre_1,cod_organica_libre_2,des_organica_libre_2,fecha_referencia,credito_inicial,modificaciones,credito_total,derechos_reconocidos_netos,recaudacion_neta
23,Universidad Autónoma de Madrid,2024,6,Enajenación de inversiones reales,68,Reintegros por operación de Capital,681,Del presupuesto corriente,681.00,Reintegros ejercicio corriente,(no informado),(no informado),(no informado),(no informado),(no informado),(no informado),(no informado),(no informado),(no informado),(no informado),(no informado),(NO INFORMADO),1012024,0,0,0,0,0
23,Universidad Autónoma de Madrid,2024,4,Transferencias Corrientes,45,De Comunidades Autónomas,450,Transferencias corrientes de la C.M.,450.10,Funcionamiento Consejo Social,(no informado),(no informado),3,CONSEJO SOCIAL,03.60,Vicegerencia de Economía y Recursos Materiales.,03.60.00,Vicegerencia de Economía y Recursos Materiales.,(no informado),(no informado),(no informado),(NO INFORMADO),1012024,168867,0,168867,0,0
23,Universidad Autónoma de Madrid,2024,3,"Tasas, Precios Públicos y otros ingresos",32,Otros ingresos procedentes de prestaciones de servicios,324,"Derecho de alojamiento, restauración y residencia",324.03,"Ingresos ""La Cristalera""",(no informado),(no informado),4,VICERRECTORADO DE CAMPUS E INFRAESTRUCTURAS,04.60,VICEGERENCIA DE ECONOMÍA Y RRMM,04.60.01,"Residencia ""La Cristalera""",(no informado),(no informado),(no informado),(NO INFORMADO),1012024,310000,0,310000,0,0
23,Universidad Autónoma de Madrid,2024,3,"Tasas, Precios Públicos y otros ingresos",39,Otros ingresos,399,Ingresos diversos,399.99,Otros ingresos diversos,(no informado),(no informado),6,ADJUNTO A LA RECTORA PARA CALIDAD DE LOS ESTUDIOS E INNOVACIÓN DOCENTE,06.30,VICEGERENCIA DE ESTUDIOS Y EXTENSIÓN UNIVERSITARIA,06.30.00,Vicegerencia de Estudios y Extensión Universitaria.,(no informado),(no informado),(no informado),(NO INFORMADO),1012024,30000,0,30000,0,0
23,Universidad Autónoma de Madrid,2024,3,"Tasas, Precios Públicos y otros ingresos",31,Precios Públicos,311,Servicios académicos por enseñanzas propias,311.00,Estudios o titulaciones propias Art. 83 L.O.U,(no informado),(no informado),7,VICERRECTORADO DE ESTUDIOS DE POSGRADO Y FORMACIÓN CONTINUA,07.30,VICEGERENCIA DE ESTUDIOS Y EXTENSION UNIVERSITARIA,07.30.00,Vicegerencia de Estudios y Extensión Universitaria.,(no informado),(no informado),(no informado),(NO INFORMADO),1012024,365198,0,365198,0,0
23,Universidad Autónoma de Madrid,2024,3,"Tasas, Precios Públicos y otros ingresos",31,Precios Públicos,311,Servicios académicos por enseñanzas propias,311.00,Estudios o titulaciones propias Art. 83 L.O.U,(no informado),(no informado),7,VICERRECTORADO DE ESTUDIOS DE POSGRADO Y FORMACIÓN CONTINUA,07.30,VICEGERENCIA DE ESTUDIOS Y EXTENSION UNIVERSITARIA,07.30.01,Viceg. Estudios y Ext. Universitaria. Financiación afectada,07.30.01.15,Fundacion UAM Gestión Delegada Títulos Propios,(no informado),(NO INFORMADO),1012024,5050056,0,5050056,0,0
23,Universidad Autónoma de Madrid,2024,3,"Tasas, Precios Públicos y otros ingresos",32,Otros ingresos procedentes de prestaciones de servicios,329,De otros servicios,329.99,Prestaciones de otros servicios,(no informado),(no informado),8,VICERRECTORADO DE COMPROMISO SOCIAL Y SOSTENIBILIDAD,08.70,(SIN DESCRIPCIÓN),08.70.01,Responsable de Responsabilidad Social,(no informado),(no informado),(no informado),(NO INFORMADO),1012024,120000,0,120000,0,0
23,Universidad Autónoma de Madrid,2024,4,Transferencias Corrientes,45,De Comunidades Autónomas,450,Transferencias corrientes de la C.M.,450.99,Otras subv. de la C.M.,(no informado),(no informado),8,VICERRECTORADO DE COMPROMISO SOCIAL Y SOSTENIBILIDAD,08.70,(SIN DESCRIPCIÓN),08.70.01,Responsable de Responsabilidad Social,(no informado),(no informado),(no informado),(NO INFORMADO),1012024,20000,0,20000,0,0
23,Universidad Autónoma de Madrid,2024,4,Transferencias Corrientes,48,De Familias e Inst. sin fines de lucro,489,Otras Transfrencias corrientes de Familias e I. sin fines de lucro,489.99,De otras familias e instituciones,(no informado),(no informado),8,VICERRECTORADO DE COMPROMISO SOCIAL Y SOSTENIBILIDAD,08.70,(SIN DESCRIPCIÓN),08.70.01,Responsable de Responsabilidad Social,(no informado),(no informado),(no informado),(NO INFORMADO),1012024,110000,0,110000,0,0
23,Universidad Autónoma de Madrid,2024,4,Transferencias Corrientes,49,Del  Exterior,499,Otras transferencias corrientes del exterior,(no informado),(no informado),(no informado),(no informado),8,VICERRECTORADO DE COMPROMISO SOCIAL Y SOSTENIBILIDAD,08.70,(SIN DESCRIPCIÓN),08.70.01,Responsable de Responsabilidad Social,(no informado),(no informado),(no informado),(NO INFORMADO),1012024,532111,0,532111,0,0
23,Universidad Autónoma de Madrid,2024,7,Transferencias de Capital,76,De Corporaciones Locales,760,De Ayuntamientos,760.00,Ayuntamiento de Madrid,(no informado),(no informado),8,VICERRECTORADO DE COMPROMISO SOCIAL Y SOSTENIBILIDAD,08.70,(SIN DESCRIPCIÓN),08.70.01,Responsable de Responsabilidad Social,(no informado),(no informado),(no informado),(NO INFORMADO),1012024,140000,0,140000,0,0
23,Universidad Autónoma de Madrid,2024,3,"Tasas, Precios Públicos y otros ingresos",38,Reintegros de operaciones corrientes,381,De ejercicios corrientes,381.00,Reintegros ejercicio corriente,(no informado),(no informado),8,VICERRECTORADO DE COMPROMISO SOCIAL Y SOSTENIBILIDAD,08.70,(SIN DESCRIPCIÓN),08.70.01,Responsable de Responsabilidad Social,08.70.01.17,PROYECTO ACNUR-UAM EMPRENDIMIENTO 2022,(no informado),(NO INFORMADO),1012024,0,0,0,0,0
23,Universidad Autónoma de Madrid,2024,3,"Tasas, Precios Públicos y otros ingresos",38,Reintegros de operaciones corrientes,381,De ejercicios corrientes,381.00,Reintegros ejercicio corriente,(no informado),(no informado),8,VICERRECTORADO DE COMPROMISO SOCIAL Y SOSTENIBILIDAD,08.70,(SIN DESCRIPCIÓN),08.70.01,Responsable de Responsabilidad Social,08.70.01.24,Proyecto ACNUR-UAM emprendimiento 2023,(no informado),(NO INFORMADO),1012024,0,0,0,0,0
23,Universidad Autónoma de Madrid,2024,3,"Tasas, Precios Públicos y otros ingresos",39,Otros ingresos,399,Ingresos diversos,399.00,Inscripciones a Congresos,(no informado),(no informado),10,VICERRECTORADO DE POLÍTICA CIENTÍFICA,(no informado),(no informado),(no informado),(no informado),(no informado),(no informado),(no informado),(NO INFORMADO),1012024,100000,0,100000,0,0
23,Universidad Autónoma de Madrid,2024,7,Transferencias de Capital,70,De la Administración del Estado,700,Ministerio de Ciencia e Innovación,700.02,MCI para Programa de Invest. Universitaria,(no informado),(no informado),10,VICERRECTORADO DE POLÍTICA CIENTÍFICA,(no informado),(no informado),(no informado),(no informado),(no informado),(no informado),(no informado),(NO INFORMADO),1012024,37080282,0,37080282,0,0
23,Universidad Autónoma de Madrid,2024,7,Transferencias de Capital,70,De la Administración del Estado,700,Ministerio de Ciencia e Innovación,700.03,MCI Programa FPU Formación Profesorado Universitario,(no informado),(no informado),10,VICERRECTORADO DE POLÍTICA CIENTÍFICA,(no informado),(no informado),(no informado),(no informado),(no informado),(no informado),(no informado),(NO INFORMADO),1012024,2152812,0,2152812,0,0
23,Universidad Autónoma de Madrid,2024,7,Transferencias de Capital,70,De la Administración del Estado,700,Ministerio de Ciencia e Innovación,700.04,MCI Programa FPI Formación Personal Investigador,(no informado),(no informado),10,VICERRECTORADO DE POLÍTICA CIENTÍFICA,(no informado),(no informado),(no informado),(no informado),(no informado),(no informado),(no informado),(NO INFORMADO),1012024,2879823,0,2879823,0,0
23,Universidad Autónoma de Madrid,2024,7,Transferencias de Capital,70,De la Administración del Estado,700,Ministerio de Ciencia e Innovación,700.09,MCI Programa Ramón y Cajal,(no informado),(no informado),10,VICERRECTORADO DE POLÍTICA CIENTÍFICA,(no informado),(no informado),(no informado),(no informado),(no informado),(no informado),(no informado),(NO INFORMADO),1012024,2425341,0,2425341,0,0
23,Universidad Autónoma de Madrid,2024,7,Transferencias de Capital,70,De la Administración del Estado,700,Ministerio de Ciencia e Innovación,700.10,MCI Contratos Postdoctorales,(no informado),(no informado),10,VICERRECTORADO DE POLÍTICA CIENTÍFICA,(no informado),(no informado),(no informado),(no informado),(no informado),(no informado),(no informado),(NO INFORMADO),1012024,871088,0,871088,0,0
23,Universidad Autónoma de Madrid,2024,7,Transferencias de Capital,70,De la Administración del Estado,700,Ministerio de Ciencia e Innovación,700.14,MCI Técnicos de apoyo a infraestructuras I D,(no informado),(no informado),10,VICERRECTORADO DE POLÍTICA CIENTÍFICA,(no informado),(no informado),(no informado),(no informado),(no informado),(no informado),(no informado),(NO INFORMADO),1012024,52600,0,52600,0,0
23,Universidad Autónoma de Madrid,2024,7,Transferencias de Capital,70,De la Administración del Estado,701,De otros departamentos ministeriales,701.02,M. de Cultura y Deporte,(no informado),(no informado),10,VICERRECTORADO DE POLÍTICA CIENTÍFICA,(no informado),(no informado),(no informado),(no informado),(no informado),(no informado),(no informado),(NO INFORMADO),1012024,1680240,0,1680240,0,0
23,Universidad Autónoma de Madrid,2024,7,Transferencias de Capital,70,De la Administración del Estado,701,De otros departamentos ministeriales,701.12,Del M. Medio Ambiente,(no informado),(no informado),10,VICERRECTORADO DE POLÍTICA CIENTÍFICA,(no informado),(no informado),(no informado),(no informado),(no informado),(no informado),(no informado),(NO INFORMADO),1012024,130423,0,130423,0,0
23,Universidad Autónoma de Madrid,2024,7,Transferencias de Capital,70,De la Administración del Estado,701,De otros departamentos ministeriales,701.13,"Del M. Sanidad , Política Social e Igualdad",(no informado),(no informado),10,VICERRECTORADO DE POLÍTICA CIENTÍFICA,(no informado),(no informado),(no informado),(no informado),(no informado),(no informado),(no informado),(NO INFORMADO),1012024,161017,0,161017,0,0
23,Universidad Autónoma de Madrid,2024,7,Transferencias de Capital,70,De la Administración del Estado,701,De otros departamentos ministeriales,701.15,Ministerio de Defensa,(no informado),(no informado),10,VICERRECTORADO DE POLÍTICA CIENTÍFICA,(no informado),(no informado),(no informado),(no informado),(no informado),(no informado),(no informado),(NO INFORMADO),1012024,1457142,0,1457142,0,0
23,Universidad Autónoma de Madrid,2024,7,Transferencias de Capital,70,De la Administración del Estado,702,Ministerio de Universidades,702.00,Ministerio de Universidades,(no informado),(no informado),10,VICERRECTORADO DE POLÍTICA CIENTÍFICA,(no informado),(no informado),(no informado),(no informado),(no informado),(no informado),(no informado),(NO INFORMADO),1012024,353247,0,353247,0,0
23,Universidad Autónoma de Madrid,2024,7,Transferencias de Capital,70,De la Administración del Estado,702,Ministerio de Universidades,702.02,MU Programa Salvador Madariaga,(no informado),(no informado),10,VICERRECTORADO DE POLÍTICA CIENTÍFICA,(no informado),(no informado),(no informado),(no informado),(no informado),(no informado),(no informado),(NO INFORMADO),1012024,375000,0,375000,0,0
23,Universidad Autónoma de Madrid,2024,7,Transferencias de Capital,71,De Organismos Autónomos,710,Transf. de capital de Organismos Autónomos,710.04,Del Instituto de la Mujer,(no informado),(no informado),10,VICERRECTORADO DE POLÍTICA CIENTÍFICA,(no informado),(no informado),(no informado),(no informado),(no informado),(no informado),(no informado),(NO INFORMADO),1012024,30685,0,30685,0,0
23,Universidad Autónoma de Madrid,2024,7,Transferencias de Capital,72,De la Seguridad Social,720,Transf. de capital de la Seguridad Social,720.03,Del Instituto Salud Carlos III,(no informado),(no informado),10,VICERRECTORADO DE POLÍTICA CIENTÍFICA,(no informado),(no informado),(no informado),(no informado),(no informado),(no informado),(no informado),(NO INFORMADO),1012024,477750,0,477750,0,0
23,Universidad Autónoma de Madrid,2024,7,Transferencias de Capital,75,De Comunidades Autónomas,750,Transfer. Capital de Comunidades,750.01,De la C.M. para Investigación,(no informado),(no informado),10,VICERRECTORADO DE POLÍTICA CIENTÍFICA,(no informado),(no informado),(no informado),(no informado),(no informado),(no informado),(no informado),(NO INFORMADO),1012024,11288821,0,11288821,0,0
23,Universidad Autónoma de Madrid,2024,7,Transferencias de Capital,75,De Comunidades Autónomas,759,Transferencias de capital otras Comunidades,759.04,De Castilla La Mancha,(no informado),(no informado),10,VICERRECTORADO DE POLÍTICA CIENTÍFICA,(no informado),(no informado),(no informado),(no informado),(no informado),(no informado),(no informado),(NO INFORMADO),1012024,31892,0,31892,0,0
23,Universidad Autónoma de Madrid,2024,7,Transferencias de Capital,77,De Empresas Privadas,771,Transferencia de capital de Empresas Privadas,771.18,Banco Santander Central Hispano,(no informado),(no informado),10,VICERRECTORADO DE POLÍTICA CIENTÍFICA,(no informado),(no informado),(no informado),(no informado),(no informado),(no informado),(no informado),(NO INFORMADO),1012024,200000,0,200000,0,0
23,Universidad Autónoma de Madrid,2024,7,Transferencias de Capital,78,De F. e Instituciones sin fines de lucro,789,De otras Familias e Instituciones sin fines de lucro,789.00,Trasferencias de capital de fundaciones e instituciones sin fines de lucro,(no informado),(no informado),10,VICERRECTORADO DE POLÍTICA CIENTÍFICA,(no informado),(no informado),(no informado),(no informado),(no informado),(no informado),(no informado),(NO INFORMADO),1012024,71032,0,71032,0,0
23,Universidad Autónoma de Madrid,2024,7,Transferencias de Capital,78,De F. e Instituciones sin fines de lucro,789,De otras Familias e Instituciones sin fines de lucro,789.04,De la Fundación General de la UAM,(no informado),(no informado),10,VICERRECTORADO DE POLÍTICA CIENTÍFICA,(no informado),(no informado),(no informado),(no informado),(no informado),(no informado),(no informado),(NO INFORMADO),1012024,469625,0,469625,0,0
23,Universidad Autónoma de Madrid,2024,7,Transferencias de Capital,78,De F. e Instituciones sin fines de lucro,789,De otras Familias e Instituciones sin fines de lucro,789.99,De otros,(no informado),(no informado),10,VICERRECTORADO DE POLÍTICA CIENTÍFICA,(no informado),(no informado),(no informado),(no informado),(no informado),(no informado),(no informado),(NO INFORMADO),1012024,2105913,0,2105913,0,0
23,Universidad Autónoma de Madrid,2024,7,Transferencias de Capital,79,Del Exterior,795,De la Unión Europea,(no informado),(no informado),(no informado),(no informado),10,VICERRECTORADO DE POLÍTICA CIENTÍFICA,(no informado),(no informado),(no informado),(no informado),(no informado),(no informado),(no informado),(NO INFORMADO),1012024,10760249,0,10760249,0,0
23,Universidad Autónoma de Madrid,2024,7,Transferencias de Capital,75,De Comunidades Autónomas,750,Transfer. Capital de Comunidades,750.01,De la C.M. para Investigación,(no informado),(no informado),10,VICERRECTORADO DE POLÍTICA CIENTÍFICA,10.01,Facultad de Ciencias Investigación,10.01.02,Dpto. de Química Física Aplicada,10.01.02.00,Dpto. de Química Física Aplicada,10.01.02.00.01,RETENCIONES DPTO. DE QUÍMICA FÍSICA APLICADA,1012024,0,0,0,0,0
23,Universidad Autónoma de Madrid,2024,7,Transferencias de Capital,75,De Comunidades Autónomas,750,Transfer. Capital de Comunidades,750.01,De la C.M. para Investigación,(no informado),(no informado),10,VICERRECTORADO DE POLÍTICA CIENTÍFICA,10.01,Facultad de Ciencias Investigación,10.01.02,Dpto. de Química Física Aplicada,10.01.02.01,(SIN DESCRIPCIÓN),10.01.02.01.02,(PARCIALMENTE OCULTO) S2013 MAE 2882,1012024,0,0,0,0,0
23,Universidad Autónoma de Madrid,2024,7,Transferencias de Capital,70,De la Administración del Estado,700,Ministerio de Ciencia e Innovación,700.02,MCI para Programa de Invest. Universitaria,(no informado),(no informado),10,VICERRECTORADO DE POLÍTICA CIENTÍFICA,10.01,Facultad de Ciencias Investigación,10.01.02,Dpto. de Química Física Aplicada,10.01.02.01,(SIN DESCRIPCIÓN),10.01.02.01.44,(PARCIALMENTE OCULTO) RTC-2017-6096-5,1012024,0,0,0,0,0
23,Universidad Autónoma de Madrid,2024,9,Pasivos financieros,91,Préstamos recibidos en moneda nacional,911,Préstamos largo plazo de Entes del Sector Público,(no informado),(no informado),(no informado),(no informado),10,VICERRECTORADO DE POLÍTICA CIENTÍFICA,10.01,Facultad de Ciencias Investigación,10.01.02,Dpto. de Química Física Aplicada,10.01.02.01,(SIN DESCRIPCIÓN),10.01.02.01.44,(PARCIALMENTE OCULTO) RTC-2017-6096-5,1012024,0,0,0,0,0
23,Universidad Autónoma de Madrid,2024,7,Transferencias de Capital,70,De la Administración del Estado,700,Ministerio de Ciencia e Innovación,700.02,MCI para Programa de Invest. Universitaria,(no informado),(no informado),10,VICERRECTORADO DE POLÍTICA CIENTÍFICA,10.01,Facultad de Ciencias Investigación,10.01.03,Dpto. de Física de la Materia Condensada,10.01.03.00,Dpto. de Física de la Materia Condensada,10.01.03.00.01,RETENCIONES DPTO. DE FÍSICA DE LA MATERIA CONDENSADA,1012024,0,0,0,0,0
23,Universidad Autónoma de Madrid,2024,7,Transferencias de Capital,70,De la Administración del Estado,700,Ministerio de Ciencia e Innovación,700.02,MCI para Programa de Invest. Universitaria,(no informado),(no informado),10,VICERRECTORADO DE POLÍTICA CIENTÍFICA,10.01,Facultad de Ciencias Investigación,10.01.03,Dpto. de Física de la Materia Condensada,10.01.03.01,(SIN DESCRIPCIÓN),10.01.03.01.89,(PARCIALMENTE OCULTO) FIS2016-78591-C3-1-R,1012024,0,0,0,0,0
23,Universidad Autónoma de Madrid,2024,7,Transferencias de Capital,70,De la Administración del Estado,700,Ministerio de Ciencia e Innovación,700.02,MCI para Programa de Invest. Universitaria,(no informado),(no informado),10,VICERRECTORADO DE POLÍTICA CIENTÍFICA,10.01,Facultad de Ciencias Investigación,10.01.03,Dpto. de Física de la Materia Condensada,10.01.03.01,(SIN DESCRIPCIÓN),10.01.03.01.90,(PARCIALMENTE OCULTO) MAT2016-77852-C2-2-R,1012024,0,0,0,0,0
23,Universidad Autónoma de Madrid,2024,7,Transferencias de Capital,70,De la Administración del Estado,700,Ministerio de Ciencia e Innovación,700.02,MCI para Programa de Invest. Universitaria,(no informado),(no informado),10,VICERRECTORADO DE POLÍTICA CIENTÍFICA,10.01,Facultad de Ciencias Investigación,10.01.03,Dpto. de Física de la Materia Condensada,10.01.03.01,(SIN DESCRIPCIÓN),10.01.03.01.92,(PARCIALMENTE OCULTO) FIS2016-80434-P,1012024,0,0,0,0,0
23,Universidad Autónoma de Madrid,2024,7,Transferencias de Capital,79,Del Exterior,795,De la Unión Europea,(no informado),(no informado),(no informado),(no informado),10,VICERRECTORADO DE POLÍTICA CIENTÍFICA,10.01,Facultad de Ciencias Investigación,10.01.03,Dpto. de Física de la Materia Condensada,10.01.03.02,(SIN DESCRIPCIÓN),10.01.03.02.85,(OCULTO),1012024,0,0,0,0,0
23,Universidad Autónoma de Madrid,2024,7,Transferencias de Capital,70,De la Administración del Estado,700,Ministerio de Ciencia e Innovación,700.02,MCI para Programa de Invest. Universitaria,(no informado),(no informado),10,VICERRECTORADO DE POLÍTICA CIENTÍFICA,10.01,Facultad de Ciencias Investigación,10.01.10,Dpto. de Biología Molecular,10.01.10.03,(SIN DESCRIPCIÓN),10.01.10.03.78,(PARCIALMENTE OCULTO) BIO2016-80101-R,1012024,0,0,0,0,0
23,Universidad Autónoma de Madrid,2024,7,Transferencias de Capital,70,De la Administración del Estado,700,Ministerio de Ciencia e Innovación,700.02,MCI para Programa de Invest. Universitaria,(no informado),(no informado),10,VICERRECTORADO DE POLÍTICA CIENTÍFICA,10.01,Facultad de Ciencias Investigación,10.01.10,Dpto. de Biología Molecular,10.01.10.04,(SIN DESCRIPCIÓN),10.01.10.04.19,(PARCIALMENTE OCULTO) RTC-2017-6292-1,1012024,0,0,0,0,0
23,Universidad Autónoma de Madrid,2024,9,Pasivos financieros,91,Préstamos recibidos en moneda nacional,911,Préstamos largo plazo de Entes del Sector Público,(no informado),(no informado),(no informado),(no informado),10,VICERRECTORADO DE POLÍTICA CIENTÍFICA,10.01,Facultad de Ciencias Investigación,10.01.10,Dpto. de Biología Molecular,10.01.10.04,(SIN DESCRIPCIÓN),10.01.10.04.19,(PARCIALMENTE OCULTO) RTC-2017-6292-1,1012024,0,0,0,0,0
23,Universidad Autónoma de Madrid,2024,6,Enajenación de inversiones reales,68,Reintegros por operación de Capital,681,Del presupuesto corriente,681.00,Reintegros ejercicio corriente,(no informado),(no informado),10,VICERRECTORADO DE POLÍTICA CIENTÍFICA,10.01,Facultad de Ciencias Investigación,10.01.10,Dpto. de Biología Molecular,10.01.10.04,(SIN DESCRIPCIÓN),10.01.10.04.78,(OCULTO),1012024,0,0,0,0,0
23,Universidad Autónoma de Madrid,2024,7,Transferencias de Capital,70,De la Administración del Estado,700,Ministerio de Ciencia e Innovación,700.02,MCI para Programa de Invest. Universitaria,(no informado),(no informado),10,VICERRECTORADO DE POLÍTICA CIENTÍFICA,10.01,Facultad de Ciencias Investigación,10.01.15,Dpto. de Matemáticas,10.01.15.00,Dpto. de Matemáticas,10.01.15.00.01,RETENCIONES DPTO. DE MATEMÁTICAS,1012024,0,0,0,0,0
23,Universidad Autónoma de Madrid,2024,7,Transferencias de Capital,70,De la Administración del Estado,700,Ministerio de Ciencia e Innovación,700.02,MCI para Programa de Invest. Universitaria,(no informado),(no informado),10,VICERRECTORADO DE POLÍTICA CIENTÍFICA,10.01,Facultad de Ciencias Investigación,10.01.15,Dpto. de Matemáticas,10.01.15.01,Proyectos de Investigación del Dpto. de Matemáticas,10.01.15.01.49,(PARCIALMENTE OCULTO) MTM2016-78995-P,1012024,0,0,0,0,0
23,Universidad Autónoma de Madrid,2024,6,Enajenación de inversiones reales,68,Reintegros por operación de Capital,680,De ejercicios cerrados,680.00,Reintegros ejercicios cerrados,(no informado),(no informado),10,VICERRECTORADO DE POLÍTICA CIENTÍFICA,10.01,Facultad de Ciencias Investigación,10.01.15,Dpto. de Matemáticas,10.01.15.02,(SIN DESCRIPCIÓN),10.01.15.02.06,(OCULTO),1012024,0,0,0,0,0
23,Universidad Autónoma de Madrid,2024,6,Enajenación de inversiones reales,68,Reintegros por operación de Capital,681,Del presupuesto corriente,681.00,Reintegros ejercicio corriente,(no informado),(no informado),10,VICERRECTORADO DE POLÍTICA CIENTÍFICA,10.01,Facultad de Ciencias Investigación,10.01.17,Dpto. de Ecología,10.01.17.00,Dpto. de Ecología,10.01.17.00.95,(PARCIALMENTE OCULTO) - TED2021-131488B-I00,1012024,0,0,0,0,0
23,Universidad Autónoma de Madrid,2024,7,Transferencias de Capital,70,De la Administración del Estado,700,Ministerio de Ciencia e Innovación,700.02,MCI para Programa de Invest. Universitaria,(no informado),(no informado),10,VICERRECTORADO DE POLÍTICA CIENTÍFICA,10.03,FACULTAD DE FILOSOFÍA Y LETRAS,10.03.09,(SIN DESCRIPCIÓN),10.03.09.00,Dpto. de His. Antigua y Medieval Paleografía y Diplomática,10.03.09.00.01,RETENCIONES DPTO. DE HIS. ANTIGUA Y MEDIEVAL PALEOGRAFÍA Y D,1012024,0,0,0,0,0
23,Universidad Autónoma de Madrid,2024,7,Transferencias de Capital,70,De la Administración del Estado,700,Ministerio de Ciencia e Innovación,700.02,MCI para Programa de Invest. Universitaria,(no informado),(no informado),10,VICERRECTORADO DE POLÍTICA CIENTÍFICA,10.03,FACULTAD DE FILOSOFÍA Y LETRAS,10.03.09,(SIN DESCRIPCIÓN),10.03.09.00,Dpto. de His. Antigua y Medieval Paleografía y Diplomática,10.03.09.00.23,(PARCIALMENTE OCULTO) HAR2016-74846-P,1012024,0,0,0,0,0
23,Universidad Autónoma de Madrid,2024,7,Transferencias de Capital,70,De la Administración del Estado,700,Ministerio de Ciencia e Innovación,700.02,MCI para Programa de Invest. Universitaria,(no informado),(no informado),10,VICERRECTORADO DE POLÍTICA CIENTÍFICA,10.03,FACULTAD DE FILOSOFÍA Y LETRAS,10.03.09,(SIN DESCRIPCIÓN),10.03.09.00,Dpto. de His. Antigua y Medieval Paleografía y Diplomática,10.03.09.00.24,(PARCIALMENTE OCULTO) HAR2016-74968-P,1012024,0,0,0,0,0
23,Universidad Autónoma de Madrid,2024,7,Transferencias de Capital,70,De la Administración del Estado,700,Ministerio de Ciencia e Innovación,700.02,MCI para Programa de Invest. Universitaria,(no informado),(no informado),10,VICERRECTORADO DE POLÍTICA CIENTÍFICA,10.03,FACULTAD DE FILOSOFÍA Y LETRAS,10.03.12,(SIN DESCRIPCIÓN),10.03.12.00,Dpto. Historia y Teoría del Arte,10.03.12.00.01,RETENCIONES DPTO. HISTORÍA Y TERORÍA DEL ARTE,1012024,0,0,0,0,0
23,Universidad Autónoma de Madrid,2024,7,Transferencias de Capital,70,De la Administración del Estado,700,Ministerio de Ciencia e Innovación,700.02,MCI para Programa de Invest. Universitaria,(no informado),(no informado),10,VICERRECTORADO DE POLÍTICA CIENTÍFICA,10.03,FACULTAD DE FILOSOFÍA Y LETRAS,10.03.14,(SIN DESCRIPCIÓN),10.03.14.00,Dpto. de Prehistoría y Arqueología,10.03.14.00.01,RETENCIONES DPTO. DE PREHISTORIA Y ARQUEOLOGÍA,1012024,0,0,0,0,0
23,Universidad Autónoma de Madrid,2024,7,Transferencias de Capital,78,De F. e Instituciones sin fines de lucro,789,De otras Familias e Instituciones sin fines de lucro,789.99,De otros,(no informado),(no informado),10,VICERRECTORADO DE POLÍTICA CIENTÍFICA,10.04,FACULTAD DE MEDICINA,10.04.04,(SIN DESCRIPCIÓN),10.04.04.00,Dpto. de Farmacología y Terapéutica,10.04.04.00.94,(OCULTO),1012024,0,0,0,0,0
23,Universidad Autónoma de Madrid,2024,7,Transferencias de Capital,70,De la Administración del Estado,700,Ministerio de Ciencia e Innovación,700.02,MCI para Programa de Invest. Universitaria,(no informado),(no informado),10,VICERRECTORADO DE POLÍTICA CIENTÍFICA,10.05,FACULTAD DE DERECHO,10.05.01,Dpto. de Derecho Público,10.05.01.00,Dpto. de Derecho Público,10.05.01.00.66,(PARCIALMENTE OCULTO) DER2016-81747-REDT,1012024,0,0,0,0,0
23,Universidad Autónoma de Madrid,2024,7,Transferencias de Capital,75,De Comunidades Autónomas,750,Transfer. Capital de Comunidades,750.01,De la C.M. para Investigación,(no informado),(no informado),10,VICERRECTORADO DE POLÍTICA CIENTÍFICA,10.06,FACULTAD DE PSICOLOGÍA,10.06.03,(SIN DESCRIPCIÓN),10.06.03.00,Dpto. de Psicología Evolutiva y de la Educación,10.06.03.00.01,RETENCIONES DPTO. DE PSICOLOGÍA EVOLUTIVA Y DE LA EDUCACIÓN,1012024,0,0,0,0,0
23,Universidad Autónoma de Madrid,2024,7,Transferencias de Capital,70,De la Administración del Estado,700,Ministerio de Ciencia e Innovación,700.02,MCI para Programa de Invest. Universitaria,(no informado),(no informado),10,VICERRECTORADO DE POLÍTICA CIENTÍFICA,10.07,FACULTAD DE FORMACIÓN DEL PROFESORADO Y EDUCACIÓN,10.07.02,(SIN DESCRIPCIÓN),10.07.02.00,Dpto. de Didáctica y Teoría de la Educación,10.07.02.00.34,(PARCIALMENTE OCULTO) EDU2017-90606-REDT,1012024,0,0,0,0,0
23,Universidad Autónoma de Madrid,2024,7,Transferencias de Capital,75,De Comunidades Autónomas,750,Transfer. Capital de Comunidades,750.01,De la C.M. para Investigación,(no informado),(no informado),10,VICERRECTORADO DE POLÍTICA CIENTÍFICA,10.12,ESCUELA TÉCNICA SUPERIOR,10.12.02,Departamento de Ingeniería Informática,10.12.02.00,Departamento de Ingeniería Informática,10.12.02.00.01,RETENCIONES DEPARTEMENTO DE INGENIERÍA INFORMÁTICA,1012024,0,0,0,0,0
23,Universidad Autónoma de Madrid,2024,7,Transferencias de Capital,75,De Comunidades Autónomas,750,Transfer. Capital de Comunidades,750.01,De la C.M. para Investigación,(no informado),(no informado),10,VICERRECTORADO DE POLÍTICA CIENTÍFICA,10.12,ESCUELA TÉCNICA SUPERIOR,10.12.02,Departamento de Ingeniería Informática,10.12.02.00,Departamento de Ingeniería Informática,10.12.02.00.28,(PARCIALMENTE OCULTO) S2013 ICE 2715,1012024,0,0,0,0,0
23,Universidad Autónoma de Madrid,2024,7,Transferencias de Capital,75,De Comunidades Autónomas,750,Transfer. Capital de Comunidades,750.01,De la C.M. para Investigación,(no informado),(no informado),10,VICERRECTORADO DE POLÍTICA CIENTÍFICA,10.12,ESCUELA TÉCNICA SUPERIOR,10.12.03,Departamento de Tecnología Electrónica y Comunicaciones,10.12.03.00,Departamento de Tecnología Electrónica y Comunicaciones,10.12.03.00.01,RETENCIONES DPTO. DE TECNOLOGÍA ELECTRÓNICA Y COMUNICACIONES,1012024,0,0,0,0,0
23,Universidad Autónoma de Madrid,2024,7,Transferencias de Capital,75,De Comunidades Autónomas,750,Transfer. Capital de Comunidades,750.01,De la C.M. para Investigación,(no informado),(no informado),10,VICERRECTORADO DE POLÍTICA CIENTÍFICA,10.12,ESCUELA TÉCNICA SUPERIOR,10.12.03,Departamento de Tecnología Electrónica y Comunicaciones,10.12.03.00,Departamento de Tecnología Electrónica y Comunicaciones,10.12.03.00.20,(PARCIALMENTE OCULTO) S2013 ICE 3004,1012024,0,0,0,0,0
23,Universidad Autónoma de Madrid,2024,3,"Tasas, Precios Públicos y otros ingresos",38,Reintegros de operaciones corrientes,381,De ejercicios corrientes,381.00,Reintegros ejercicio corriente,(no informado),(no informado),10,VICERRECTORADO DE POLÍTICA CIENTÍFICA,10.40,(SIN DESCRIPCIÓN),10.40.00,Vicegerencia de Investigación y Desarrollo. Servicio de Investigación.,(no informado),(no informado),(no informado),(NO INFORMADO),1012024,0,0,0,0,0
23,Universidad Autónoma de Madrid,2024,3,"Tasas, Precios Públicos y otros ingresos",32,Otros ingresos procedentes de prestaciones de servicios,329,De otros servicios,329.07,Servicios prestados unidades apoyo a la investig,(no informado),(no informado),10,VICERRECTORADO DE POLÍTICA CIENTÍFICA,10.40,(SIN DESCRIPCIÓN),10.40.00,Vicegerencia de Investigación y Desarrollo. Servicio de Investigación.,10.40.00.00,SEGAINVEX,(no informado),(NO INFORMADO),1012024,486000,0,486000,0,0
23,Universidad Autónoma de Madrid,2024,3,"Tasas, Precios Públicos y otros ingresos",32,Otros ingresos procedentes de prestaciones de servicios,329,De otros servicios,329.07,Servicios prestados unidades apoyo a la investig,(no informado),(no informado),10,VICERRECTORADO DE POLÍTICA CIENTÍFICA,10.40,(SIN DESCRIPCIÓN),10.40.00,Vicegerencia de Investigación y Desarrollo. Servicio de Investigación.,10.40.00.02,SIDI Servicio Interdepartamental de Investigación,(no informado),(NO INFORMADO),1012024,415479,0,415479,0,0
23,Universidad Autónoma de Madrid,2024,3,"Tasas, Precios Públicos y otros ingresos",32,Otros ingresos procedentes de prestaciones de servicios,329,De otros servicios,329.07,Servicios prestados unidades apoyo a la investig,(no informado),(no informado),10,VICERRECTORADO DE POLÍTICA CIENTÍFICA,10.40,(SIN DESCRIPCIÓN),10.40.00,Vicegerencia de Investigación y Desarrollo. Servicio de Investigación.,10.40.00.03,CMAM Centro de Microanálisis de Materiales,(no informado),(NO INFORMADO),1012024,35200,0,35200,0,0
23,Universidad Autónoma de Madrid,2024,3,"Tasas, Precios Públicos y otros ingresos",32,Otros ingresos procedentes de prestaciones de servicios,329,De otros servicios,329.07,Servicios prestados unidades apoyo a la investig,(no informado),(no informado),10,VICERRECTORADO DE POLÍTICA CIENTÍFICA,10.40,(SIN DESCRIPCIÓN),10.40.00,Vicegerencia de Investigación y Desarrollo. Servicio de Investigación.,10.40.00.04,GABINETE VETERINARIO,(no informado),(NO INFORMADO),1012024,138000,0,138000,0,0
23,Universidad Autónoma de Madrid,2024,3,"Tasas, Precios Públicos y otros ingresos",32,Otros ingresos procedentes de prestaciones de servicios,329,De otros servicios,329.07,Servicios prestados unidades apoyo a la investig,(no informado),(no informado),10,VICERRECTORADO DE POLÍTICA CIENTÍFICA,10.40,(SIN DESCRIPCIÓN),10.40.00,Vicegerencia de Investigación y Desarrollo. Servicio de Investigación.,10.40.00.05,CCC Centro de Computación Científica,(no informado),(NO INFORMADO),1012024,76000,0,76000,0,0
23,Universidad Autónoma de Madrid,2024,3,"Tasas, Precios Públicos y otros ingresos",32,Otros ingresos procedentes de prestaciones de servicios,329,De otros servicios,329.07,Servicios prestados unidades apoyo a la investig,(no informado),(no informado),10,VICERRECTORADO DE POLÍTICA CIENTÍFICA,10.40,(SIN DESCRIPCIÓN),10.40.00,Vicegerencia de Investigación y Desarrollo. Servicio de Investigación.,10.40.00.06,Instituto de Física Teórica,(no informado),(NO INFORMADO),1012024,12000,0,12000,0,0
23,Universidad Autónoma de Madrid,2024,3,"Tasas, Precios Públicos y otros ingresos",32,Otros ingresos procedentes de prestaciones de servicios,329,De otros servicios,329.07,Servicios prestados unidades apoyo a la investig,(no informado),(no informado),10,VICERRECTORADO DE POLÍTICA CIENTÍFICA,10.40,(SIN DESCRIPCIÓN),10.40.00,Vicegerencia de Investigación y Desarrollo. Servicio de Investigación.,10.40.00.13,SECYR,(no informado),(NO INFORMADO),1012024,0,0,0,0,0
23,Universidad Autónoma de Madrid,2024,3,"Tasas, Precios Públicos y otros ingresos",32,Otros ingresos procedentes de prestaciones de servicios,329,De otros servicios,329.07,Servicios prestados unidades apoyo a la investig,(no informado),(no informado),10,VICERRECTORADO DE POLÍTICA CIENTÍFICA,10.40,(SIN DESCRIPCIÓN),10.40.00,Vicegerencia de Investigación y Desarrollo. Servicio de Investigación.,10.40.00.15,COMITE DE ETICA,(no informado),(NO INFORMADO),1012024,0,0,0,0,0
23,Universidad Autónoma de Madrid,2024,7,Transferencias de Capital,78,De F. e Instituciones sin fines de lucro,789,De otras Familias e Instituciones sin fines de lucro,789.99,De otros,(no informado),(no informado),10,VICERRECTORADO DE POLÍTICA CIENTÍFICA,10.40,(SIN DESCRIPCIÓN),10.40.01,Vicegerencia de Investigación. Servicio de Investigación. Fi,(no informado),(no informado),(no informado),(NO INFORMADO),1012024,6000,0,6000,0,0
23,Universidad Autónoma de Madrid,2024,7,Transferencias de Capital,78,De F. e Instituciones sin fines de lucro,789,De otras Familias e Instituciones sin fines de lucro,789.99,De otros,(no informado),(no informado),10,VICERRECTORADO DE POLÍTICA CIENTÍFICA,10.40,(SIN DESCRIPCIÓN),10.40.01,Vicegerencia de Investigación. Servicio de Investigación. Fi,10.40.01.00,(SIN DESCRIPCIÓN),10.40.01.00.78,(OCULTO),1012024,0,0,0,0,0
23,Universidad Autónoma de Madrid,2024,7,Transferencias de Capital,70,De la Administración del Estado,700,Ministerio de Ciencia e Innovación,700.02,MCI para Programa de Invest. Universitaria,(no informado),(no informado),10,VICERRECTORADO DE POLÍTICA CIENTÍFICA,10.40,(SIN DESCRIPCIÓN),10.40.01,Vicegerencia de Investigación. Servicio de Investigación. Fi,10.40.01.01,Cuenta de retenciones de los Vicerrectorados de Política Científica e Investigación,(no informado),(NO INFORMADO),1012024,0,0,0,0,0
23,Universidad Autónoma de Madrid,2024,7,Transferencias de Capital,75,De Comunidades Autónomas,750,Transfer. Capital de Comunidades,750.01,De la C.M. para Investigación,(no informado),(no informado),10,VICERRECTORADO DE POLÍTICA CIENTÍFICA,10.40,(SIN DESCRIPCIÓN),10.40.01,Vicegerencia de Investigación. Servicio de Investigación. Fi,10.40.01.01,Cuenta de retenciones de los Vicerrectorados de Política Científica e Investigación,(no informado),(NO INFORMADO),1012024,0,0,0,0,0
23,Universidad Autónoma de Madrid,2024,7,Transferencias de Capital,70,De la Administración del Estado,700,Ministerio de Ciencia e Innovación,700.02,MCI para Programa de Invest. Universitaria,(no informado),(no informado),10,VICERRECTORADO DE POLÍTICA CIENTÍFICA,10.40,(SIN DESCRIPCIÓN),10.40.01,Vicegerencia de Investigación. Servicio de Investigación. Fi,10.40.01.01,Cuenta de retenciones de los Vicerrectorados de Política Científica e Investigación,10.40.01.01.05,FONDO DE CONTIGENCIA,1012024,0,0,0,0,0
23,Universidad Autónoma de Madrid,2024,7,Transferencias de Capital,75,De Comunidades Autónomas,750,Transfer. Capital de Comunidades,750.01,De la C.M. para Investigación,(no informado),(no informado),10,VICERRECTORADO DE POLÍTICA CIENTÍFICA,10.40,(SIN DESCRIPCIÓN),10.40.01,Vicegerencia de Investigación. Servicio de Investigación. Fi,10.40.01.01,Cuenta de retenciones de los Vicerrectorados de Política Científica e Investigación,10.40.01.01.05,FONDO DE CONTIGENCIA,1012024,0,0,0,0,0
23,Universidad Autónoma de Madrid,2024,7,Transferencias de Capital,70,De la Administración del Estado,700,Ministerio de Ciencia e Innovación,700.21,Ministerio Ciencia e Innovación. Programa Juan de la Cierva- Ramón y Cajal(Plan MRR),(no informado),(no informado),10,VICERRECTORADO DE POLÍTICA CIENTÍFICA,10.40,(SIN DESCRIPCIÓN),10.40.01,Vicegerencia de Investigación. Servicio de Investigación. Fi,10.40.01.01,Cuenta de retenciones de los Vicerrectorados de Política Científica e Investigación,10.40.01.01.28,(OCULTO),1012024,0,0,0,0,0
23,Universidad Autónoma de Madrid,2024,7,Transferencias de Capital,70,De la Administración del Estado,700,Ministerio de Ciencia e Innovación,700.03,MCI Programa FPU Formación Profesorado Universitario,(no informado),(no informado),10,VICERRECTORADO DE POLÍTICA CIENTÍFICA,10.40,(SIN DESCRIPCIÓN),10.40.01,Vicegerencia de Investigación. Servicio de Investigación. Fi,10.40.01.01,Cuenta de retenciones de los Vicerrectorados de Política Científica e Investigación,10.40.01.01.31,FPU 2022 | VICERECTOR DE POLITICA CIENTIFICA E INVESTIGACION | FPU-MINISTERIO 2022,1012024,0,0,0,0,0
23,Universidad Autónoma de Madrid,2024,6,Enajenación de inversiones reales,68,Reintegros por operación de Capital,681,Del presupuesto corriente,681.00,Reintegros ejercicio corriente,(no informado),(no informado),10,VICERRECTORADO DE POLÍTICA CIENTÍFICA,10.40,(SIN DESCRIPCIÓN),10.40.01,Vicegerencia de Investigación. Servicio de Investigación. Fi,10.40.01.25,Psiquiatría Hospital de la Princesa,10.40.01.25.18,(OCULTO),1012024,0,0,0,0,0
23,Universidad Autónoma de Madrid,2024,7,Transferencias de Capital,70,De la Administración del Estado,700,Ministerio de Ciencia e Innovación,700.19,MINECO para empleo juvenil,(no informado),(no informado),10,VICERRECTORADO DE POLÍTICA CIENTÍFICA,10.40,(SIN DESCRIPCIÓN),10.40.01,Vicegerencia de Investigación. Servicio de Investigación. Fi,10.40.01.77,Promoción empleo joven e inplantación garantica junvenil en IDI,(no informado),(NO INFORMADO),1012024,0,0,0,0,0
23,Universidad Autónoma de Madrid,2024,7,Transferencias de Capital,75,De Comunidades Autónomas,750,Transfer. Capital de Comunidades,750.01,De la C.M. para Investigación,(no informado),(no informado),10,VICERRECTORADO DE POLÍTICA CIENTÍFICA,10.40,(SIN DESCRIPCIÓN),10.40.01,Vicegerencia de Investigación. Servicio de Investigación. Fi,10.40.01.78,Ayudantes Inv.  y Tec. Lab. Empleo Juvenil,(no informado),(NO INFORMADO),1012024,0,0,0,0,0
23,Universidad Autónoma de Madrid,2024,7,Transferencias de Capital,70,De la Administración del Estado,700,Ministerio de Ciencia e Innovación,700.02,MCI para Programa de Invest. Universitaria,(no informado),(no informado),10,VICERRECTORADO DE POLÍTICA CIENTÍFICA,10.40,(SIN DESCRIPCIÓN),10.40.01,Vicegerencia de Investigación. Servicio de Investigación. Fi,10.40.01.93,DEVOLUCION POR INTERESES DE DEMORA,(no informado),(NO INFORMADO),1012024,0,0,0,0,0
23,Universidad Autónoma de Madrid,2024,3,"Tasas, Precios Públicos y otros ingresos",32,Otros ingresos procedentes de prestaciones de servicios,329,De otros servicios,329.08,Comunidad de Madrid Plazas vinculadas PDI,(no informado),(no informado),12,VICERRECTORADO DE PERSONAL DOCENTE E INVESTIGADOR,12.50,(SIN DESCRIPCIÓN),12.50.00,Vicegerencia de Recursos Humanos y Organización.,(no informado),(no informado),(no informado),(NO INFORMADO),1012024,3314532,0,3314532,0,0
23,Universidad Autónoma de Madrid,2024,4,Transferencias Corrientes,40,De la Administración del Estado,400,Del Ministerio de Ciencia e Innovación,400.99,ME y MICINN Otras subvenciones corrientes,(no informado),(no informado),12,VICERRECTORADO DE PERSONAL DOCENTE E INVESTIGADOR,12.50,(SIN DESCRIPCIÓN),12.50.01,Viceg. Recursos Humanos. Nóminas y S.S. PDI. Financiación Afectada.,12.50.01.01,Transformación Contratos Ramón y Cajal,(no informado),(NO INFORMADO),1012024,650000,0,650000,0,0
23,Universidad Autónoma de Madrid,2024,4,Transferencias Corrientes,48,De Familias e Inst. sin fines de lucro,489,Otras Transfrencias corrientes de Familias e I. sin fines de lucro,489.04,De la Fundación General de la UAM,(no informado),(no informado),12,VICERRECTORADO DE PERSONAL DOCENTE E INVESTIGADOR,12.50,(SIN DESCRIPCIÓN),12.50.01,Viceg. Recursos Humanos. Nóminas y S.S. PDI. Financiación Afectada.,12.50.01.02,Asociado Programas Específicos,(no informado),(NO INFORMADO),1012024,185000,0,185000,0,0
23,Universidad Autónoma de Madrid,2024,3,"Tasas, Precios Públicos y otros ingresos",39,Otros ingresos,399,Ingresos diversos,399.01,Derechos de examen,(no informado),(no informado),12,VICERRECTORADO DE PERSONAL DOCENTE E INVESTIGADOR,12.50,(SIN DESCRIPCIÓN),12.50.01,Viceg. Recursos Humanos. Nóminas y S.S. PDI. Financiación Afectada.,12.50.01.03,Personal Docente e Investigador Derechos de Examen,(no informado),(NO INFORMADO),1012024,21175,0,21175,0,0
23,Universidad Autónoma de Madrid,2024,3,"Tasas, Precios Públicos y otros ingresos",31,Precios Públicos,310,Servicios académicos por enseñanzas oficiales,310.01,De enseñanzas oficiales estudios de grado,(no informado),(no informado),13,VICERRECTORADO DE INTERNACIONALIZACIÓN,13.30,(SIN DESCRIPCIÓN),13.30.01,Vicegerencia de Estudios y Extensión Universitaria. Financiación Afectada.,(no informado),(no informado),(no informado),(NO INFORMADO),1012024,50000,0,50000,0,0
23,Universidad Autónoma de Madrid,2024,3,"Tasas, Precios Públicos y otros ingresos",31,Precios Públicos,312,Servicios académicos por otras enseñanzas propias,312.01,Cursos de idiomas,(no informado),(no informado),13,VICERRECTORADO DE INTERNACIONALIZACIÓN,13.30,(SIN DESCRIPCIÓN),13.30.01,Vicegerencia de Estudios y Extensión Universitaria. Financiación Afectada.,(no informado),(no informado),(no informado),(NO INFORMADO),1012024,270000,0,270000,0,0
23,Universidad Autónoma de Madrid,2024,4,Transferencias Corrientes,40,De la Administración del Estado,402,Ministerio de Universidades,402.10,M. Universidades Organización movilidad Erasmus,(no informado),(no informado),13,VICERRECTORADO DE INTERNACIONALIZACIÓN,13.30,(SIN DESCRIPCIÓN),13.30.01,Vicegerencia de Estudios y Extensión Universitaria. Financiación Afectada.,(no informado),(no informado),(no informado),(NO INFORMADO),1012024,310000,0,310000,0,0
23,Universidad Autónoma de Madrid,2024,4,Transferencias Corrientes,40,De la Administración del Estado,402,Ministerio de Universidades,402.11,M. Universidades Movilidad  Erasmus estudios,(no informado),(no informado),13,VICERRECTORADO DE INTERNACIONALIZACIÓN,13.30,(SIN DESCRIPCIÓN),13.30.01,Vicegerencia de Estudios y Extensión Universitaria. Financiación Afectada.,(no informado),(no informado),(no informado),(NO INFORMADO),1012024,2500000,0,2500000,0,0
23,Universidad Autónoma de Madrid,2024,4,Transferencias Corrientes,40,De la Administración del Estado,402,Ministerio de Universidades,402.12,M. Universidades Movilidad personal Erasmus docencia,(no informado),(no informado),13,VICERRECTORADO DE INTERNACIONALIZACIÓN,13.30,(SIN DESCRIPCIÓN),13.30.01,Vicegerencia de Estudios y Extensión Universitaria. Financiación Afectada.,(no informado),(no informado),(no informado),(NO INFORMADO),1012024,60000,0,60000,0,0
23,Universidad Autónoma de Madrid,2024,4,Transferencias Corrientes,40,De la Administración del Estado,402,Ministerio de Universidades,402.13,M. Universidades Movilidad personal Erasmus formación,(no informado),(no informado),13,VICERRECTORADO DE INTERNACIONALIZACIÓN,13.30,(SIN DESCRIPCIÓN),13.30.01,Vicegerencia de Estudios y Extensión Universitaria. Financiación Afectada.,(no informado),(no informado),(no informado),(NO INFORMADO),1012024,40000,0,40000,0,0
23,Universidad Autónoma de Madrid,2024,4,Transferencias Corrientes,40,De la Administración del Estado,402,Ministerio de Universidades,402.14,M. Universidades Movilidad estudiantes Erasmus prácticas,(no informado),(no informado),13,VICERRECTORADO DE INTERNACIONALIZACIÓN,13.30,(SIN DESCRIPCIÓN),13.30.01,Vicegerencia de Estudios y Extensión Universitaria. Financiación Afectada.,(no informado),(no informado),(no informado),(NO INFORMADO),1012024,400000,0,400000,0,0
23,Universidad Autónoma de Madrid,2024,4,Transferencias Corrientes,47,De Empresas Privadas,471,Transf. corrientes de Empresas Privadas,471.18,Banco Santander Central Hispano,(no informado),(no informado),13,VICERRECTORADO DE INTERNACIONALIZACIÓN,13.30,(SIN DESCRIPCIÓN),13.30.01,Vicegerencia de Estudios y Extensión Universitaria. Financiación Afectada.,(no informado),(no informado),(no informado),(NO INFORMADO),1012024,643500,0,643500,0,0
23,Universidad Autónoma de Madrid,2024,4,Transferencias Corrientes,49,Del  Exterior,495,De la Union Europea,(no informado),(no informado),(no informado),(no informado),13,VICERRECTORADO DE INTERNACIONALIZACIÓN,13.30,(SIN DESCRIPCIÓN),13.30.01,Vicegerencia de Estudios y Extensión Universitaria. Financiación Afectada.,(no informado),(no informado),(no informado),(NO INFORMADO),1012024,790000,0,790000,0,0
23,Universidad Autónoma de Madrid,2024,7,Transferencias de Capital,79,Del Exterior,795,De la Unión Europea,(no informado),(no informado),(no informado),(no informado),13,VICERRECTORADO DE INTERNACIONALIZACIÓN,13.30,(SIN DESCRIPCIÓN),13.30.01,Vicegerencia de Estudios y Extensión Universitaria. Financiación Afectada.,(no informado),(no informado),(no informado),(NO INFORMADO),1012024,1048000,0,1048000,0,0
23,Universidad Autónoma de Madrid,2024,7,Transferencias de Capital,79,Del Exterior,799,Otras transferencias de capital del exterior,(no informado),(no informado),(no informado),(no informado),13,VICERRECTORADO DE INTERNACIONALIZACIÓN,13.30,(SIN DESCRIPCIÓN),13.30.01,Vicegerencia de Estudios y Extensión Universitaria. Financiación Afectada.,(no informado),(no informado),(no informado),(NO INFORMADO),1012024,40000,0,40000,0,0
23,Universidad Autónoma de Madrid,2024,3,"Tasas, Precios Públicos y otros ingresos",31,Precios Públicos,312,Servicios académicos por otras enseñanzas propias,312.01,Cursos de idiomas,(no informado),(no informado),13,VICERRECTORADO DE INTERNACIONALIZACIÓN,13.30,(SIN DESCRIPCIÓN),13.30.01,Vicegerencia de Estudios y Extensión Universitaria. Financiación Afectada.,13.30.01.00,(SIN DESCRIPCIÓN),13.30.01.00.04,BECAS INSTITUTO CONFUCIO,1012024,242000,0,242000,0,0
23,Universidad Autónoma de Madrid,2024,4,Transferencias Corrientes,49,Del  Exterior,495,De la Union Europea,(no informado),(no informado),(no informado),(no informado),13,VICERRECTORADO DE INTERNACIONALIZACIÓN,13.30,(SIN DESCRIPCIÓN),13.30.01,Vicegerencia de Estudios y Extensión Universitaria. Financiación Afectada.,13.30.01.95,"1 Edición Programa 4 Cities, Máster in Urban Etudies. 2013 2015",(no informado),(NO INFORMADO),1012024,0,0,0,0,0
23,Universidad Autónoma de Madrid,2024,4,Transferencias Corrientes,45,De Comunidades Autónomas,450,Transferencias corrientes de la C.M.,450.99,Otras subv. de la C.M.,(no informado),(no informado),14,VICERRECTORADO DE ESTUDIANTES Y EMPLEABILIDAD,14.30,VICEGERENCIA DE ESTUDIOS Y EXTENSIÓN UNIVERSITARIA,14.30.00,Vicegerencia de Estudios y Extensión Universitaria,(no informado),(no informado),(no informado),(NO INFORMADO),1012024,380882,0,380882,0,0
23,Universidad Autónoma de Madrid,2024,4,Transferencias Corrientes,47,De Empresas Privadas,471,Transf. corrientes de Empresas Privadas,471.18,Banco Santander Central Hispano,(no informado),(no informado),14,VICERRECTORADO DE ESTUDIANTES Y EMPLEABILIDAD,14.30,VICEGERENCIA DE ESTUDIOS Y EXTENSIÓN UNIVERSITARIA,14.30.00,Vicegerencia de Estudios y Extensión Universitaria,(no informado),(no informado),(no informado),(NO INFORMADO),1012024,29000,0,29000,0,0
23,Universidad Autónoma de Madrid,2024,3,"Tasas, Precios Públicos y otros ingresos",39,Otros ingresos,399,Ingresos diversos,399.06,CUOTAS ALUMNI,(no informado),(no informado),14,VICERRECTORADO DE ESTUDIANTES Y EMPLEABILIDAD,14.60,(SIN DESCRIPCIÓN),14.60.01,Vicegerencia de Economía y Recursos Materiales. Financiación,(no informado),(no informado),(no informado),(NO INFORMADO),1012024,30000,0,30000,0,0
23,Universidad Autónoma de Madrid,2024,4,Transferencias Corrientes,45,De Comunidades Autónomas,450,Transferencias corrientes de la C.M.,450.99,Otras subv. de la C.M.,(no informado),(no informado),14,VICERRECTORADO DE ESTUDIANTES Y EMPLEABILIDAD,14.60,(SIN DESCRIPCIÓN),14.60.01,Vicegerencia de Economía y Recursos Materiales. Financiación,(no informado),(no informado),(no informado),(NO INFORMADO),1012024,210000,0,210000,0,0
23,Universidad Autónoma de Madrid,2024,3,"Tasas, Precios Públicos y otros ingresos",32,Otros ingresos procedentes de prestaciones de servicios,329,De otros servicios,329.00,Alquileres de locales,(no informado),(no informado),15,CENTROS DOCENTES Y DEPARTAMENTOS,15.02,FACULTAD DE CIENCIAS ECONÓMICAS Y EMPRESARIALES.,15.02.99,Proyectos de la Facultad de Ciencias Económicas y Empresaria,15.02.99.01,Ingresos por facturación Facultad de CC.EE.,(no informado),(NO INFORMADO),1012024,0,0,0,0,0
23,Universidad Autónoma de Madrid,2024,3,"Tasas, Precios Públicos y otros ingresos",32,Otros ingresos procedentes de prestaciones de servicios,329,De otros servicios,329.00,Alquileres de locales,(no informado),(no informado),15,CENTROS DOCENTES Y DEPARTAMENTOS,15.04,FACULTAD DE MEDICINA,15.04.99,Proyectos Facultad de Medicina,15.04.99.01,Ingresos por facturación Facultad de Medicina,(no informado),(NO INFORMADO),1012024,0,0,0,0,0
23,Universidad Autónoma de Madrid,2024,3,"Tasas, Precios Públicos y otros ingresos",32,Otros ingresos procedentes de prestaciones de servicios,329,De otros servicios,329.00,Alquileres de locales,(no informado),(no informado),15,CENTROS DOCENTES Y DEPARTAMENTOS,15.05,FACULTAD DE DERECHO,15.05.99,Proyectos Facultad de Derecho,15.05.99.01,Ingresos por facturación Facultad de Derecho,(no informado),(NO INFORMADO),1012024,0,0,0,0,0
23,Universidad Autónoma de Madrid,2024,3,"Tasas, Precios Públicos y otros ingresos",39,Otros ingresos,399,Ingresos diversos,399.99,Otros ingresos diversos,(no informado),(no informado),15,CENTROS DOCENTES Y DEPARTAMENTOS,15.07,FACULTAD DE FORMACIÓN DEL PROFESORADO Y EDUCACIÓN,15.07.00,Facultad de Formación del Profesorado y Educación,(no informado),(no informado),(no informado),(NO INFORMADO),1012024,0,0,0,0,0
23,Universidad Autónoma de Madrid,2024,3,"Tasas, Precios Públicos y otros ingresos",32,Otros ingresos procedentes de prestaciones de servicios,329,De otros servicios,329.00,Alquileres de locales,(no informado),(no informado),15,CENTROS DOCENTES Y DEPARTAMENTOS,15.12,ESCUELA POLITÉCNICA SUPERIOR,15.12.99,Proyectos Escuela Politécnica Superior,15.12.99.01,Ingresos con financiación afectada,(no informado),(NO INFORMADO),1012024,0,0,0,0,0
23,Universidad Autónoma de Madrid,2024,3,"Tasas, Precios Públicos y otros ingresos",39,Otros ingresos,399,Ingresos diversos,399.01,Derechos de examen,(no informado),(no informado),16,GERENCIA,16.50,(SIN DESCRIPCIÓN),16.50.00,V. Recursos H. y Organización,(no informado),(no informado),(no informado),(NO INFORMADO),1012024,55300,0,55300,0,0
23,Universidad Autónoma de Madrid,2024,4,Transferencias Corrientes,45,De Comunidades Autónomas,450,Transferencias corrientes de la C.M.,450.99,Otras subv. de la C.M.,(no informado),(no informado),16,GERENCIA,16.50,(SIN DESCRIPCIÓN),16.50.00,V. Recursos H. y Organización,(no informado),(no informado),(no informado),(NO INFORMADO),1012024,103450,0,103450,0,0
23,Universidad Autónoma de Madrid,2024,3,"Tasas, Precios Públicos y otros ingresos",32,Otros ingresos procedentes de prestaciones de servicios,329,De otros servicios,329.00,Alquileres de locales,(no informado),(no informado),16,GERENCIA,16.60,(SIN DESCRIPCIÓN),16.60.00,Vicegerencia de Economía y Recursos Materiales,(no informado),(no informado),(no informado),(NO INFORMADO),1012024,0,0,0,0,0
23,Universidad Autónoma de Madrid,2024,7,Transferencias de Capital,75,De Comunidades Autónomas,750,Transfer. Capital de Comunidades,750.00,De la C.M. para inversiones,(no informado),(no informado),16,GERENCIA,16.61,(SIN DESCRIPCIÓN),16.61.01,Vicegerencia Economía y RR. Materiales. Inversiones. Financi,(no informado),(no informado),(no informado),(NO INFORMADO),1012024,1001250,0,1001250,0,0
23,Universidad Autónoma de Madrid,2024,3,"Tasas, Precios Públicos y otros ingresos",32,Otros ingresos procedentes de prestaciones de servicios,324,"Derecho de alojamiento, restauración y residencia",324.01,Colegio Mayor  Juan Luis Vives,(no informado),(no informado),16,GERENCIA,16.63,(SIN DESCRIPCIÓN),16.63.00,VICEGERENCIA DE ECONOMIA Y RECURSOS MATERIALES. COLEGIO MAYOR JUAN LUIS VIVES,(no informado),(no informado),(no informado),(NO INFORMADO),1012024,0,0,0,0,0
23,Universidad Autónoma de Madrid,2024,3,"Tasas, Precios Públicos y otros ingresos",32,Otros ingresos procedentes de prestaciones de servicios,324,"Derecho de alojamiento, restauración y residencia",324.02,Habitaciones UAM Residencia ERASMO,(no informado),(no informado),16,GERENCIA,16.63,(SIN DESCRIPCIÓN),16.63.00,VICEGERENCIA DE ECONOMIA Y RECURSOS MATERIALES. COLEGIO MAYOR JUAN LUIS VIVES,(no informado),(no informado),(no informado),(NO INFORMADO),1012024,0,0,0,0,0
23,Universidad Autónoma de Madrid,2024,3,"Tasas, Precios Públicos y otros ingresos",32,Otros ingresos procedentes de prestaciones de servicios,329,De otros servicios,329.02,Cuotas de usuarios del Jardín de Infancia,(no informado),(no informado),16,GERENCIA,16.64,(SIN DESCRIPCIÓN),16.64.00,Vic.de Econmía y RR. Materiales. Escuela Infantil,(no informado),(no informado),(no informado),(NO INFORMADO),1012024,0,0,0,0,0
23,Universidad Autónoma de Madrid,2024,3,"Tasas, Precios Públicos y otros ingresos",31,Precios Públicos,310,Servicios académicos por enseñanzas oficiales,310.01,De enseñanzas oficiales estudios de grado,(no informado),(no informado),18,Universidad Autonoma de Madrid,(no informado),(no informado),(no informado),(no informado),(no informado),(no informado),(no informado),(NO INFORMADO),1012024,17807415,0,17807415,0,0
23,Universidad Autónoma de Madrid,2024,3,"Tasas, Precios Públicos y otros ingresos",31,Precios Públicos,310,Servicios académicos por enseñanzas oficiales,310.01,De enseñanzas oficiales estudios de grado,310.01.23,Enseñanzas oficiales estudios de Grado Curso 2023/2024,18,Universidad Autonoma de Madrid,(no informado),(no informado),(no informado),(no informado),(no informado),(no informado),(no informado),(NO INFORMADO),1012024,0,0,0,0,0
23,Universidad Autónoma de Madrid,2024,3,"Tasas, Precios Públicos y otros ingresos",31,Precios Públicos,310,Servicios académicos por enseñanzas oficiales,310.04,"Programas oficiales de posgrado, Máster",(no informado),(no informado),18,Universidad Autonoma de Madrid,(no informado),(no informado),(no informado),(no informado),(no informado),(no informado),(no informado),(NO INFORMADO),1012024,4390000,0,4390000,0,0
23,Universidad Autónoma de Madrid,2024,3,"Tasas, Precios Públicos y otros ingresos",31,Precios Públicos,310,Servicios académicos por enseñanzas oficiales,310.04,"Programas oficiales de posgrado, Máster",310.04.21,Programas oficiales de posgrado. Máster Curso 2021/2022,18,Universidad Autonoma de Madrid,(no informado),(no informado),(no informado),(no informado),(no informado),(no informado),(no informado),(NO INFORMADO),1012024,0,0,0,0,0
23,Universidad Autónoma de Madrid,2024,3,"Tasas, Precios Públicos y otros ingresos",31,Precios Públicos,310,Servicios académicos por enseñanzas oficiales,310.04,"Programas oficiales de posgrado, Máster",310.04.22,Programas oficiales de posgrado. Máster Curso 2022/2023,18,Universidad Autonoma de Madrid,(no informado),(no informado),(no informado),(no informado),(no informado),(no informado),(no informado),(NO INFORMADO),1012024,0,0,0,0,0
23,Universidad Autónoma de Madrid,2024,3,"Tasas, Precios Públicos y otros ingresos",31,Precios Públicos,310,Servicios académicos por enseñanzas oficiales,310.04,"Programas oficiales de posgrado, Máster",310.04.23,Programas oficiales de posgrado. Máster Curso 2023/2024,18,Universidad Autonoma de Madrid,(no informado),(no informado),(no informado),(no informado),(no informado),(no informado),(no informado),(NO INFORMADO),1012024,0,0,0,0,0
23,Universidad Autónoma de Madrid,2024,3,"Tasas, Precios Públicos y otros ingresos",31,Precios Públicos,310,Servicios académicos por enseñanzas oficiales,310.05,"Programas oficiales de posgrado, Doctorado",(no informado),(no informado),18,Universidad Autonoma de Madrid,(no informado),(no informado),(no informado),(no informado),(no informado),(no informado),(no informado),(NO INFORMADO),1012024,1153900,0,1153900,0,0
23,Universidad Autónoma de Madrid,2024,3,"Tasas, Precios Públicos y otros ingresos",31,Precios Públicos,310,Servicios académicos por enseñanzas oficiales,310.05,"Programas oficiales de posgrado, Doctorado",310.05.23,Programas oficiales de posgrado. Doctorado Curso 2023/2024,18,Universidad Autonoma de Madrid,(no informado),(no informado),(no informado),(no informado),(no informado),(no informado),(no informado),(NO INFORMADO),1012024,0,0,0,0,0
23,Universidad Autónoma de Madrid,2024,3,"Tasas, Precios Públicos y otros ingresos",31,Precios Públicos,310,Servicios académicos por enseñanzas oficiales,310.20,Compensación matrículas becarios ME,(no informado),(no informado),18,Universidad Autonoma de Madrid,(no informado),(no informado),(no informado),(no informado),(no informado),(no informado),(no informado),(NO INFORMADO),1012024,5871915,0,5871915,0,0
23,Universidad Autónoma de Madrid,2024,3,"Tasas, Precios Públicos y otros ingresos",31,Precios Públicos,310,Servicios académicos por enseñanzas oficiales,310.21,Compensación matrículas Familias Numerosas ME,(no informado),(no informado),18,Universidad Autonoma de Madrid,(no informado),(no informado),(no informado),(no informado),(no informado),(no informado),(no informado),(NO INFORMADO),1012024,2035435,0,2035435,0,0
23,Universidad Autónoma de Madrid,2024,3,"Tasas, Precios Públicos y otros ingresos",31,Precios Públicos,310,Servicios académicos por enseñanzas oficiales,310.22,Compensación matrículas becarios doctorado ME,(no informado),(no informado),18,Universidad Autonoma de Madrid,(no informado),(no informado),(no informado),(no informado),(no informado),(no informado),(no informado),(NO INFORMADO),1012024,91260,0,91260,0,0
23,Universidad Autónoma de Madrid,2024,3,"Tasas, Precios Públicos y otros ingresos",31,Precios Públicos,310,Servicios académicos por enseñanzas oficiales,310.24,Compensación matrículas becarios Comunidad de Madrid,(no informado),(no informado),18,Universidad Autonoma de Madrid,(no informado),(no informado),(no informado),(no informado),(no informado),(no informado),(no informado),(NO INFORMADO),1012024,4884977,0,4884977,0,0
23,Universidad Autónoma de Madrid,2024,3,"Tasas, Precios Públicos y otros ingresos",31,Precios Públicos,311,Servicios académicos por enseñanzas propias,311.00,Estudios o titulaciones propias Art. 83 L.O.U,(no informado),(no informado),18,Universidad Autonoma de Madrid,(no informado),(no informado),(no informado),(no informado),(no informado),(no informado),(no informado),(NO INFORMADO),1012024,992315,0,992315,0,0
23,Universidad Autónoma de Madrid,2024,3,"Tasas, Precios Públicos y otros ingresos",31,Precios Públicos,312,Servicios académicos por otras enseñanzas propias,312.00,Cursos de cultura y extensión universitaria,(no informado),(no informado),18,Universidad Autonoma de Madrid,(no informado),(no informado),(no informado),(no informado),(no informado),(no informado),(no informado),(NO INFORMADO),1012024,21645,0,21645,0,0
23,Universidad Autónoma de Madrid,2024,3,"Tasas, Precios Públicos y otros ingresos",31,Precios Públicos,312,Servicios académicos por otras enseñanzas propias,312.01,Cursos de idiomas,(no informado),(no informado),18,Universidad Autonoma de Madrid,(no informado),(no informado),(no informado),(no informado),(no informado),(no informado),(no informado),(NO INFORMADO),1012024,198365,0,198365,0,0
23,Universidad Autónoma de Madrid,2024,3,"Tasas, Precios Públicos y otros ingresos",31,Precios Públicos,318,De servicios administrativos,318.00,De servicios administrativos,(no informado),(no informado),18,Universidad Autonoma de Madrid,(no informado),(no informado),(no informado),(no informado),(no informado),(no informado),(no informado),(NO INFORMADO),1012024,1604640,0,1604640,0,0
23,Universidad Autónoma de Madrid,2024,3,"Tasas, Precios Públicos y otros ingresos",31,Precios Públicos,318,De servicios administrativos,318.01,Pruebas de actitud para acceso a la Universidad,(no informado),(no informado),18,Universidad Autonoma de Madrid,(no informado),(no informado),(no informado),(no informado),(no informado),(no informado),(no informado),(NO INFORMADO),1012024,1044155,0,1044155,0,0
23,Universidad Autónoma de Madrid,2024,3,"Tasas, Precios Públicos y otros ingresos",32,Otros ingresos procedentes de prestaciones de servicios,324,"Derecho de alojamiento, restauración y residencia",324.01,Colegio Mayor  Juan Luis Vives,(no informado),(no informado),18,Universidad Autonoma de Madrid,(no informado),(no informado),(no informado),(no informado),(no informado),(no informado),(no informado),(NO INFORMADO),1012024,1550000,0,1550000,0,0
23,Universidad Autónoma de Madrid,2024,3,"Tasas, Precios Públicos y otros ingresos",32,Otros ingresos procedentes de prestaciones de servicios,329,De otros servicios,329.00,Alquileres de locales,(no informado),(no informado),18,Universidad Autonoma de Madrid,(no informado),(no informado),(no informado),(no informado),(no informado),(no informado),(no informado),(NO INFORMADO),1012024,56000,0,56000,0,0
23,Universidad Autónoma de Madrid,2024,3,"Tasas, Precios Públicos y otros ingresos",32,Otros ingresos procedentes de prestaciones de servicios,329,De otros servicios,329.02,Cuotas de usuarios del Jardín de Infancia,(no informado),(no informado),18,Universidad Autonoma de Madrid,(no informado),(no informado),(no informado),(no informado),(no informado),(no informado),(no informado),(NO INFORMADO),1012024,97670,0,97670,0,0
23,Universidad Autónoma de Madrid,2024,3,"Tasas, Precios Públicos y otros ingresos",33,Venta de bienes,330,Venta de Publicaciones Propias,330.00,Del Servicio de Publicaciones,(no informado),(no informado),18,Universidad Autonoma de Madrid,(no informado),(no informado),(no informado),(no informado),(no informado),(no informado),(no informado),(NO INFORMADO),1012024,25930,0,25930,0,0
23,Universidad Autónoma de Madrid,2024,3,"Tasas, Precios Públicos y otros ingresos",33,Venta de bienes,332,Venta de fotocopias y otros productos reprografi,(no informado),(no informado),(no informado),(no informado),18,Universidad Autonoma de Madrid,(no informado),(no informado),(no informado),(no informado),(no informado),(no informado),(no informado),(NO INFORMADO),1012024,3125,0,3125,0,0
23,Universidad Autónoma de Madrid,2024,3,"Tasas, Precios Públicos y otros ingresos",38,Reintegros de operaciones corrientes,380,De ejercicios cerrados,380.00,Reintegros ejercicios cerrados,(no informado),(no informado),18,Universidad Autonoma de Madrid,(no informado),(no informado),(no informado),(no informado),(no informado),(no informado),(no informado),(NO INFORMADO),1012024,110000,0,110000,0,0
23,Universidad Autónoma de Madrid,2024,3,"Tasas, Precios Públicos y otros ingresos",39,Otros ingresos,399,Ingresos diversos,399.02,Aportaciones a cursos y seminarios,(no informado),(no informado),18,Universidad Autonoma de Madrid,(no informado),(no informado),(no informado),(no informado),(no informado),(no informado),(no informado),(NO INFORMADO),1012024,233000,0,233000,0,0
23,Universidad Autónoma de Madrid,2024,3,"Tasas, Precios Públicos y otros ingresos",39,Otros ingresos,399,Ingresos diversos,399.11,"Ingresos por consumos agua, gas y electricidad de centros mixtos y concesionarios",(no informado),(no informado),18,Universidad Autonoma de Madrid,(no informado),(no informado),(no informado),(no informado),(no informado),(no informado),(no informado),(NO INFORMADO),1012024,1603680,0,1603680,0,0
23,Universidad Autónoma de Madrid,2024,3,"Tasas, Precios Públicos y otros ingresos",39,Otros ingresos,399,Ingresos diversos,399.99,Otros ingresos diversos,(no informado),(no informado),18,Universidad Autonoma de Madrid,(no informado),(no informado),(no informado),(no informado),(no informado),(no informado),(no informado),(NO INFORMADO),1012024,1000000,0,1000000,0,0
23,Universidad Autónoma de Madrid,2024,4,Transferencias Corrientes,41,De Organismos Autonómos Administrativos,410,De Organismos Autonómos Administrativos,410.12,Del Consejo Superior de Invest.  Científicas,(no informado),(no informado),18,Universidad Autonoma de Madrid,(no informado),(no informado),(no informado),(no informado),(no informado),(no informado),(no informado),(NO INFORMADO),1012024,410593,0,410593,0,0
23,Universidad Autónoma de Madrid,2024,4,Transferencias Corrientes,45,De Comunidades Autónomas,450,Transferencias corrientes de la C.M.,450.00,De la C. M. para diversas atenciones,(no informado),(no informado),18,Universidad Autonoma de Madrid,(no informado),(no informado),(no informado),(no informado),(no informado),(no informado),(no informado),(NO INFORMADO),1012024,161656174,0,161656174,0,0
23,Universidad Autónoma de Madrid,2024,4,Transferencias Corrientes,45,De Comunidades Autónomas,450,Transferencias corrientes de la C.M.,450.04,De la C.M. para Escuela Infantil,(no informado),(no informado),18,Universidad Autonoma de Madrid,(no informado),(no informado),(no informado),(no informado),(no informado),(no informado),(no informado),(NO INFORMADO),1012024,276297,0,276297,0,0
23,Universidad Autónoma de Madrid,2024,4,Transferencias Corrientes,45,De Comunidades Autónomas,450,Transferencias corrientes de la C.M.,450.11,CM compensación minoración precios públicos,(no informado),(no informado),18,Universidad Autonoma de Madrid,(no informado),(no informado),(no informado),(no informado),(no informado),(no informado),(no informado),(NO INFORMADO),1012024,5735925,0,5735925,0,0
23,Universidad Autónoma de Madrid,2024,5,Ingresos  Patrimoniales,52,Intereses de depósitos,520,intereses de cuentas bancarias,(no informado),(no informado),(no informado),(no informado),18,Universidad Autonoma de Madrid,(no informado),(no informado),(no informado),(no informado),(no informado),(no informado),(no informado),(NO INFORMADO),1012024,2200000,0,2200000,0,0
23,Universidad Autónoma de Madrid,2024,5,Ingresos  Patrimoniales,55,Productos de concesiones y aprovechamientos esp.,550,Productos de concesiones administrativas,(no informado),(no informado),(no informado),(no informado),18,Universidad Autonoma de Madrid,(no informado),(no informado),(no informado),(no informado),(no informado),(no informado),(no informado),(NO INFORMADO),1012024,856000,0,856000,0,0
23,Universidad Autónoma de Madrid,2024,5,Ingresos  Patrimoniales,55,Productos de concesiones y aprovechamientos esp.,550,Productos de concesiones administrativas,550.01,Del Centro de Servicios Documentales. Reprografía,(no informado),(no informado),18,Universidad Autonoma de Madrid,(no informado),(no informado),(no informado),(no informado),(no informado),(no informado),(no informado),(NO INFORMADO),1012024,0,0,0,0,0
23,Universidad Autónoma de Madrid,2024,5,Ingresos  Patrimoniales,55,Productos de concesiones y aprovechamientos esp.,552,Cesión de derechos de superficie,(no informado),(no informado),(no informado),(no informado),18,Universidad Autonoma de Madrid,(no informado),(no informado),(no informado),(no informado),(no informado),(no informado),(no informado),(NO INFORMADO),1012024,0,0,0,0,0
23,Universidad Autónoma de Madrid,2024,6,Enajenación de inversiones reales,61,Enajenación otras inversiones reales,619,Enajenación de Inversiones reales,(no informado),(no informado),(no informado),(no informado),18,Universidad Autonoma de Madrid,(no informado),(no informado),(no informado),(no informado),(no informado),(no informado),(no informado),(NO INFORMADO),1012024,12122819,0,12122819,0,0
23,Universidad Autónoma de Madrid,2024,8,Activos financieros,83,Reintegros de prestamos concedidos,830,Reintegros de préstamos a corto plazo,830.00,Préstamos,(no informado),(no informado),18,Universidad Autonoma de Madrid,(no informado),(no informado),(no informado),(no informado),(no informado),(no informado),(no informado),(NO INFORMADO),1012024,240000,0,240000,0,0
23,Universidad Autónoma de Madrid,2024,8,Activos financieros,83,Reintegros de prestamos concedidos,830,Reintegros de préstamos a corto plazo,830.01,Anticipos de retribuciones,(no informado),(no informado),18,Universidad Autonoma de Madrid,(no informado),(no informado),(no informado),(no informado),(no informado),(no informado),(no informado),(NO INFORMADO),1012024,260000,0,260000,0,0
23,Universidad Autónoma de Madrid,2024,8,Activos financieros,87,Remanente de Tesorería,870,Remanente de Tesorería,870.03,Remanente específico con financiación afectada,(no informado),(no informado),18,Universidad Autonoma de Madrid,(no informado),(no informado),(no informado),(no informado),(no informado),(no informado),(no informado),(NO INFORMADO),1012024,2331538,0,2331538,0,0
23,Universidad Autónoma de Madrid,2024,3,"Tasas, Precios Públicos y otros ingresos",31,Precios Públicos,310,Servicios académicos por enseñanzas oficiales,310.24,Compensación matrículas becarios Comunidad de Madrid,(no informado),(no informado),18,Universidad Autonoma de Madrid,18.00,Presupuesto de Ingresos. Ingresos Generales,(no informado),(no informado),(no informado),(no informado),(no informado),(NO INFORMADO),1012024,0,0,0,0,0
23,Universidad Autónoma de Madrid,2024,3,"Tasas, Precios Públicos y otros ingresos",31,Precios Públicos,318,De servicios administrativos,318.00,De servicios administrativos,(no informado),(no informado),18,Universidad Autonoma de Madrid,18.00,Presupuesto de Ingresos. Ingresos Generales,(no informado),(no informado),(no informado),(no informado),(no informado),(NO INFORMADO),1012024,0,0,0,0,0
23,Universidad Autónoma de Madrid,2024,3,"Tasas, Precios Públicos y otros ingresos",32,Otros ingresos procedentes de prestaciones de servicios,329,De otros servicios,329.00,Alquileres de locales,(no informado),(no informado),18,Universidad Autonoma de Madrid,18.00,Presupuesto de Ingresos. Ingresos Generales,(no informado),(no informado),(no informado),(no informado),(no informado),(NO INFORMADO),1012024,0,0,0,0,0
23,Universidad Autónoma de Madrid,2024,3,"Tasas, Precios Públicos y otros ingresos",33,Venta de bienes,330,Venta de Publicaciones Propias,330.00,Del Servicio de Publicaciones,(no informado),(no informado),18,Universidad Autonoma de Madrid,18.00,Presupuesto de Ingresos. Ingresos Generales,(no informado),(no informado),(no informado),(no informado),(no informado),(NO INFORMADO),1012024,0,0,0,0,0
23,Universidad Autónoma de Madrid,2024,3,"Tasas, Precios Públicos y otros ingresos",39,Otros ingresos,399,Ingresos diversos,399.11,"Ingresos por consumos agua, gas y electricidad de centros mixtos y concesionarios",(no informado),(no informado),18,Universidad Autonoma de Madrid,18.00,Presupuesto de Ingresos. Ingresos Generales,(no informado),(no informado),(no informado),(no informado),(no informado),(NO INFORMADO),1012024,0,0,0,0,0
23,Universidad Autónoma de Madrid,2024,3,"Tasas, Precios Públicos y otros ingresos",32,Otros ingresos procedentes de prestaciones de servicios,329,De otros servicios,329.99,Prestaciones de otros servicios,(no informado),(no informado),24,"VICERRECTORADO DE TRANSFERENCIA, INNOVACIÓN Y CULTURA",24.30,(SIN DESCRIPCIÓN),24.30.01,Ciclo grandes autores,(no informado),(no informado),(no informado),(NO INFORMADO),1012024,126000,0,126000,0,0
23,Universidad Autónoma de Madrid,2024,3,"Tasas, Precios Públicos y otros ingresos",32,Otros ingresos procedentes de prestaciones de servicios,329,De otros servicios,329.04,Contratos art. 83 LOU,(no informado),(no informado),24,"VICERRECTORADO DE TRANSFERENCIA, INNOVACIÓN Y CULTURA",24.60,(SIN DESCRIPCIÓN),24.60.01,Vicegerencia de Economía y Recursos Materiales FA,(no informado),(no informado),(no informado),(NO INFORMADO),1012024,18964941,0,18964941,0,0
23,Universidad Autónoma de Madrid,2024,7,Transferencias de Capital,77,De Empresas Privadas,771,Transferencia de capital de Empresas Privadas,771.18,Banco Santander Central Hispano,(no informado),(no informado),24,"VICERRECTORADO DE TRANSFERENCIA, INNOVACIÓN Y CULTURA",24.60,(SIN DESCRIPCIÓN),24.60.01,Vicegerencia de Economía y Recursos Materiales FA,(no informado),(no informado),(no informado),(NO INFORMADO),1012024,436000,0,436000,0,0
