"cod_universidad","des_universidad","anio","cod_capitulo","des_capitulo","cod_articulo","des_articulo","cod_concepto","des_concepto","cod_subconcepto","des_subconcepto","cod_partida","des_partida","cod_seccion","des_seccion","cod_servicio","des_servicio","cod_unidad_de_coste","des_unidad_de_coste","cod_organica_libre_1","des_organica_libre_1","cod_organica_libre_2","des_organica_libre_2","fecha_referencia","credito_inicial","modificaciones","credito_total","derechos_reconocidos_netos","recaudacion_neta"
"023","Universidad Autónoma de Madrid","2022","6","Enajenación de inversiones reales","68","Reintegros por operación de Capital","681","Del presupuesto corriente","681.00","(no descrito)","(no informado)","(no informado)","(no informado)","(no informado)","(no informado)","(no informado)","(no informado)","(no informado)","(no informado)","(no informado)","(no informado)","(no informado)","01012022","0","0","0","0","0"
"023","Universidad Autónoma de Madrid","2022","4","Transferencias Corrientes","45","De Comunidades Autónomas","450","Transferencias corrientes de la C.M.","450.10","(no descrito)","(no informado)","(no informado)","03","CONSEJO SOCIAL","03.60","Vicegerencia de Economía y Recursos Materiales.","03.60.00","Vicegerencia de Economía y Recursos Materiales.","(no informado)","(no informado)","(no informado)","(no informado)","01012022","168867","0","168867","0","0"
"023","Universidad Autónoma de Madrid","2022","3","Tasas, Precios Públicos y otros ingresos","32","Otros ingresos procedentes de prestaciones de servicios","324","Derecho de alojamiento, restauración y residencia","324.03","(no descrito)","(no informado)","(no informado)","04","VICERRECTORADO DE CAMPUS E INFRAESTRUCTURAS","04.60","VICEGERENCIA DE ECONOMÍA Y RRMM","04.60.00","VICEGERENCIA DE ECONOMÍA Y RECURSOS MATERIALES","(no informado)","(no informado)","(no informado)","(no informado)","01012022","28000","0","28000","0","0"
"023","Universidad Autónoma de Madrid","2022","3","Tasas, Precios Públicos y otros ingresos","32","Otros ingresos procedentes de prestaciones de servicios","(no informado)","(no informado)","(no informado)","(no informado)","(no informado)","(no informado)","06","ADJUNTO A LA RECTORA PARA CALIDAD DE LOS ESTUDIOS E INNOVACIÓN DOCENTE","06.30","VICEGERENCIA DE ESTUDIOS Y EXTENSIÓN UNIVERSITARIA","06.30.00","Vicegerencia de Estudios y Extensión Universitaria.","(no informado)","(no informado)","(no informado)","(no informado)","01012022","40000","0","40000","0","0"
"023","Universidad Autónoma de Madrid","2022","3","Tasas, Precios Públicos y otros ingresos","31","Precios Públicos","311","Servicios académicos por enseñanzas propias","311.00","(no descrito)","(no informado)","(no informado)","07","VICERRECTORADO DE ESTUDIOS DE POSGRADO Y FORMACIÓN CONTINUA","07.30","VICEGERENCIA DE ESTUDIOS Y EXTENSION UNIVERSITARIA","07.30.TP","(SIN DESCRIPCIÓN)","07.30.TP.00","T?tulos Propios","07.30.TP.00.02","Canon Títulos Propios","01012022","0","0","0","0","0"
"023","Universidad Autónoma de Madrid","2022","3","Tasas, Precios Públicos y otros ingresos","31","Precios Públicos","311","Servicios académicos por enseñanzas propias","311.00","(no descrito)","(no informado)","(no informado)","07","VICERRECTORADO DE ESTUDIOS DE POSGRADO Y FORMACIÓN CONTINUA","07.30","VICEGERENCIA DE ESTUDIOS Y EXTENSION UNIVERSITARIA","07.30.TP","(SIN DESCRIPCIÓN)","07.30.TP.04","TÍTULOS PROPIOS FACULTAD DE MEDICINA","07.30.TP.04.29","Máster en Diagnóstico y tratamiento de pacientes con tumores torácicos","01012022","0","0","0","0","0"
"023","Universidad Autónoma de Madrid","2022","3","Tasas, Precios Públicos y otros ingresos","31","Precios Públicos","311","Servicios académicos por enseñanzas propias","311.00","(no descrito)","(no informado)","(no informado)","07","VICERRECTORADO DE ESTUDIOS DE POSGRADO Y FORMACIÓN CONTINUA","07.30","VICEGERENCIA DE ESTUDIOS Y EXTENSION UNIVERSITARIA","07.30.TP","(SIN DESCRIPCIÓN)","07.30.TP.05","Títulos Propios Facultad de Derecho","07.30.TP.05.05","Máster en Contratación Pública Local","01012022","0","0","0","0","0"
"023","Universidad Autónoma de Madrid","2022","3","Tasas, Precios Públicos y otros ingresos","31","Precios Públicos","311","Servicios académicos por enseñanzas propias","311.00","(no descrito)","(no informado)","(no informado)","07","VICERRECTORADO DE ESTUDIOS DE POSGRADO Y FORMACIÓN CONTINUA","07.30","VICEGERENCIA DE ESTUDIOS Y EXTENSION UNIVERSITARIA","07.30.TP","(SIN DESCRIPCIÓN)","07.30.TP.05","Títulos Propios Facultad de Derecho","07.30.TP.05.12","Máster en Empleo Público Local","01012022","0","0","0","0","0"
"023","Universidad Autónoma de Madrid","2022","3","Tasas, Precios Públicos y otros ingresos","31","Precios Públicos","311","Servicios académicos por enseñanzas propias","311.00","(no descrito)","(no informado)","(no informado)","07","VICERRECTORADO DE ESTUDIOS DE POSGRADO Y FORMACIÓN CONTINUA","07.30","VICEGERENCIA DE ESTUDIOS Y EXTENSION UNIVERSITARIA","07.30.TP","(SIN DESCRIPCIÓN)","07.30.TP.05","Títulos Propios Facultad de Derecho","07.30.TP.05.15","Experto en Corporate Governance y Operaciones de M&A","01012022","0","0","0","0","0"
"023","Universidad Autónoma de Madrid","2022","3","Tasas, Precios Públicos y otros ingresos","31","Precios Públicos","311","Servicios académicos por enseñanzas propias","311.00","(no descrito)","(no informado)","(no informado)","07","VICERRECTORADO DE ESTUDIOS DE POSGRADO Y FORMACIÓN CONTINUA","07.30","VICEGERENCIA DE ESTUDIOS Y EXTENSION UNIVERSITARIA","07.30.00","Vicegerencia de Estudios y Extensión Universitaria.","(no informado)","(no informado)","(no informado)","(no informado)","01012022","185838","0","185838","0","0"
"023","Universidad Autónoma de Madrid","2022","3","Tasas, Precios Públicos y otros ingresos","31","Precios Públicos","311","Servicios académicos por enseñanzas propias","311.00","(no descrito)","(no informado)","(no informado)","07","VICERRECTORADO DE ESTUDIOS DE POSGRADO Y FORMACIÓN CONTINUA","07.30","VICEGERENCIA DE ESTUDIOS Y EXTENSION UNIVERSITARIA","07.30.01","Viceg. Estudios y Ext. Universitaria. Financiación afectada","07.30.01.15","Fundacion UAM Gestión Delegada Títulos Propios","(no informado)","(no informado)","01012022","4290381","0","4290381","0","0"
"023","Universidad Autónoma de Madrid","2022","3","Tasas, Precios Públicos y otros ingresos","32","Otros ingresos procedentes de prestaciones de servicios","329","De otros servicios","329.99","(no descrito)","(no informado)","(no informado)","08","VICERRECTORADO DE COMPROMISO SOCIAL Y SOSTENIBILIDAD","08.30","VICEGERENCIA DE ESTUDIOS Y EXTENSIÓN UNIVERSITARIA","08.30.00","Vicegerencia de Estudios y Extensión Universitaria","(no informado)","(no informado)","(no informado)","(no informado)","01012022","0","0","0","0","0"
"023","Universidad Autónoma de Madrid","2022","4","Transferencias Corrientes","40","De la Administración del Estado","401","De otros Departamentos Ministeriales","(no informado)","(no informado)","(no informado)","(no informado)","08","VICERRECTORADO DE COMPROMISO SOCIAL Y SOSTENIBILIDAD","08.70","(SIN DESCRIPCIÓN)","08.70.01","Responsable de Responsabilidad Social","08.70.01.01","Programa ACNUR-UAM Emprendimiento 2021","(no informado)","(no informado)","01012022","22602","0","22602","0","0"
"023","Universidad Autónoma de Madrid","2022","4","Transferencias Corrientes","41","De Organismos Autonómos Administrativos","(no informado)","(no informado)","(no informado)","(no informado)","(no informado)","(no informado)","08","VICERRECTORADO DE COMPROMISO SOCIAL Y SOSTENIBILIDAD","08.70","(SIN DESCRIPCIÓN)","08.70.01","Responsable de Responsabilidad Social","08.70.01.01","Programa ACNUR-UAM Emprendimiento 2021","(no informado)","(no informado)","01012022","26680","0","26680","0","0"
"023","Universidad Autónoma de Madrid","2022","4","Transferencias Corrientes","45","De Comunidades Autónomas","450","Transferencias corrientes de la C.M.","(no informado)","(no informado)","(no informado)","(no informado)","08","VICERRECTORADO DE COMPROMISO SOCIAL Y SOSTENIBILIDAD","08.70","(SIN DESCRIPCIÓN)","08.70.01","Responsable de Responsabilidad Social","08.70.01.01","Programa ACNUR-UAM Emprendimiento 2021","(no informado)","(no informado)","01012022","175000","0","175000","0","0"
"023","Universidad Autónoma de Madrid","2022","4","Transferencias Corrientes","49","Del  Exterior","(no informado)","(no informado)","(no informado)","(no informado)","(no informado)","(no informado)","08","VICERRECTORADO DE COMPROMISO SOCIAL Y SOSTENIBILIDAD","08.70","(SIN DESCRIPCIÓN)","08.70.01","Responsable de Responsabilidad Social","08.70.01.01","Programa ACNUR-UAM Emprendimiento 2021","(no informado)","(no informado)","01012022","620000","0","620000","0","0"
"023","Universidad Autónoma de Madrid","2022","4","Transferencias Corrientes","47","De Empresas Privadas","471","Transf. corrientes de Empresas Privadas","471.18","(no descrito)","(no informado)","(no informado)","09","VICERRECTORADO DE TRANSFERENCIA, INNOVACIÓN Y CULTURA","09.60","(SIN DESCRIPCIÓN)","09.60.00","Vicegerencia de Economía y Recursos Materiales","(no informado)","(no informado)","(no informado)","(no informado)","01012022","0","0","0","0","0"
"023","Universidad Autónoma de Madrid","2022","3","Tasas, Precios Públicos y otros ingresos","32","Otros ingresos procedentes de prestaciones de servicios","329","De otros servicios","329.04","(no descrito)","(no informado)","(no informado)","09","VICERRECTORADO DE TRANSFERENCIA, INNOVACIÓN Y CULTURA","09.60","(SIN DESCRIPCIÓN)","09.60.01","Vicegerencia de Economía y Recursos Materiales Financiación Afectada","(no informado)","(no informado)","(no informado)","(no informado)","01012022","0","0","0","0","0"
"023","Universidad Autónoma de Madrid","2022","4","Transferencias Corrientes","48","De Familias e Inst. sin fines de lucro","(no informado)","(no informado)","(no informado)","(no informado)","(no informado)","(no informado)","09","VICERRECTORADO DE TRANSFERENCIA, INNOVACIÓN Y CULTURA","09.62","VICEG. ECONOMÍA Y RR. MATERIALES. TECNOLOGÍAS INFORMACIÓN","09.62.01","Viceg. Economía. Tecnologías de la Información. Financiación Afectada.","(no informado)","(no informado)","(no informado)","(no informado)","01012022","85265","0","85265","0","0"
"023","Universidad Autónoma de Madrid","2022","8","Activos financieros","87","Remanente de Tesorería","870","Remanente de Tesorería","870.03","(no descrito)","(no informado)","(no informado)","09","VICERRECTORADO DE TRANSFERENCIA, INNOVACIÓN Y CULTURA","09.62","VICEG. ECONOMÍA Y RR. MATERIALES. TECNOLOGÍAS INFORMACIÓN","09.62.01","Viceg. Economía. Tecnologías de la Información. Financiación Afectada.","(no informado)","(no informado)","(no informado)","(no informado)","01012022","223850","0","223850","0","0"
"023","Universidad Autónoma de Madrid","2022","8","Activos financieros","87","Remanente de Tesorería","870","Remanente de Tesorería","870.03","(no descrito)","(no informado)","(no informado)","09","VICERRECTORADO DE TRANSFERENCIA, INNOVACIÓN Y CULTURA","09.62","VICEG. ECONOMÍA Y RR. MATERIALES. TECNOLOGÍAS INFORMACIÓN","09.62.01","Viceg. Economía. Tecnologías de la Información. Financiación Afectada.","09.62.01.01","Plan para la modernización y digitalización del sistema universitario español (UniDigital)","(no informado)","(no informado)","01012022","1554669","0","1554669","0","0"
"023","Universidad Autónoma de Madrid","2022","3","Tasas, Precios Públicos y otros ingresos","39","Otros ingresos","399","Ingresos diversos","399.00","(no descrito)","(no informado)","(no informado)","10","VICERRECTORADO DE POLÍTICA CIENTÍFICA","(no informado)","(no informado)","(no informado)","(no informado)","(no informado)","(no informado)","(no informado)","(no informado)","01012022","100000","0","100000","0","0"
"023","Universidad Autónoma de Madrid","2022","7","Transferencias de Capital","70","De la Administración del Estado","700","MINECO","700.02","(no descrito)","(no informado)","(no informado)","10","VICERRECTORADO DE POLÍTICA CIENTÍFICA","(no informado)","(no informado)","(no informado)","(no informado)","(no informado)","(no informado)","(no informado)","(no informado)","01012022","28146482","0","28146482","0","0"
"023","Universidad Autónoma de Madrid","2022","7","Transferencias de Capital","70","De la Administración del Estado","701","De otros departamentos ministeriales","701.02","(no descrito)","(no informado)","(no informado)","10","VICERRECTORADO DE POLÍTICA CIENTÍFICA","(no informado)","(no informado)","(no informado)","(no informado)","(no informado)","(no informado)","(no informado)","(no informado)","01012022","10000","0","10000","0","0"
"023","Universidad Autónoma de Madrid","2022","7","Transferencias de Capital","71","De Organismos Autónomos","710","Transf. de capital de Organismos Autónomos","710.04","(no descrito)","(no informado)","(no informado)","10","VICERRECTORADO DE POLÍTICA CIENTÍFICA","(no informado)","(no informado)","(no informado)","(no informado)","(no informado)","(no informado)","(no informado)","(no informado)","01012022","222602","0","222602","0","0"
"023","Universidad Autónoma de Madrid","2022","7","Transferencias de Capital","72","De la Seguridad Social","720","Transf. de capital de la Seguridad Social","720.03","(no descrito)","(no informado)","(no informado)","10","VICERRECTORADO DE POLÍTICA CIENTÍFICA","(no informado)","(no informado)","(no informado)","(no informado)","(no informado)","(no informado)","(no informado)","(no informado)","01012022","564228","0","564228","0","0"
"023","Universidad Autónoma de Madrid","2022","7","Transferencias de Capital","75","De Comunidades Autónomas","750","Transfer. Capital de Comunidades","750.01","(no descrito)","(no informado)","(no informado)","10","VICERRECTORADO DE POLÍTICA CIENTÍFICA","(no informado)","(no informado)","(no informado)","(no informado)","(no informado)","(no informado)","(no informado)","(no informado)","01012022","12754933","0","12754933","0","0"
"023","Universidad Autónoma de Madrid","2022","7","Transferencias de Capital","78","De F. e Instituciones sin fines de lucro","789","De otras Familias e Instituciones sin fines de lucro","(no informado)","(no informado)","(no informado)","(no informado)","10","VICERRECTORADO DE POLÍTICA CIENTÍFICA","(no informado)","(no informado)","(no informado)","(no informado)","(no informado)","(no informado)","(no informado)","(no informado)","01012022","0","0","0","0","0"
"023","Universidad Autónoma de Madrid","2022","7","Transferencias de Capital","78","De F. e Instituciones sin fines de lucro","789","De otras Familias e Instituciones sin fines de lucro","789.00","(no descrito)","(no informado)","(no informado)","10","VICERRECTORADO DE POLÍTICA CIENTÍFICA","(no informado)","(no informado)","(no informado)","(no informado)","(no informado)","(no informado)","(no informado)","(no informado)","01012022","1934536","0","1934536","0","0"
"023","Universidad Autónoma de Madrid","2022","7","Transferencias de Capital","78","De F. e Instituciones sin fines de lucro","789","De otras Familias e Instituciones sin fines de lucro","789.04","(no descrito)","(no informado)","(no informado)","10","VICERRECTORADO DE POLÍTICA CIENTÍFICA","(no informado)","(no informado)","(no informado)","(no informado)","(no informado)","(no informado)","(no informado)","(no informado)","01012022","818519","0","818519","0","0"
"023","Universidad Autónoma de Madrid","2022","7","Transferencias de Capital","79","Del Exterior","795","De la Unión Europea","(no informado)","(no informado)","(no informado)","(no informado)","10","VICERRECTORADO DE POLÍTICA CIENTÍFICA","(no informado)","(no informado)","(no informado)","(no informado)","(no informado)","(no informado)","(no informado)","(no informado)","01012022","9941682","0","9941682","0","0"
"023","Universidad Autónoma de Madrid","2022","8","Activos financieros","87","Remanente de Tesorería","870","Remanente de Tesorería","870.01","(no descrito)","(no informado)","(no informado)","10","VICERRECTORADO DE POLÍTICA CIENTÍFICA","(no informado)","(no informado)","(no informado)","(no informado)","(no informado)","(no informado)","(no informado)","(no informado)","01012022","44408674","0","44408674","0","0"
"023","Universidad Autónoma de Madrid","2022","7","Transferencias de Capital","70","De la Administración del Estado","700","MINECO","700.02","(no descrito)","(no informado)","(no informado)","10","VICERRECTORADO DE POLÍTICA CIENTÍFICA","10.01","Facultad de Ciencias Investigación","10.01.01","Dpto. de Química Orgánica","10.01.01.00","Dpto. de Química Orgánica","10.01.01.00.01","Retenciones Dpto. de Química Orgánica","01012022","0","0","0","0","0"
"023","Universidad Autónoma de Madrid","2022","7","Transferencias de Capital","70","De la Administración del Estado","700","MINECO","700.04","(no descrito)","(no informado)","(no informado)","10","VICERRECTORADO DE POLÍTICA CIENTÍFICA","10.01","Facultad de Ciencias Investigación","10.01.01","Dpto. de Química Orgánica","10.01.01.01","Proyectos de Investigación del Dpto. de Química Orgánica","10.01.01.01.06","(OCULTO)","01012022","0","0","0","0","0"
"023","Universidad Autónoma de Madrid","2022","6","Enajenación de inversiones reales","68","Reintegros por operación de Capital","681","Del presupuesto corriente","681.00","(no descrito)","(no informado)","(no informado)","10","VICERRECTORADO DE POLÍTICA CIENTÍFICA","10.01","Facultad de Ciencias Investigación","10.01.01","Dpto. de Química Orgánica","10.01.01.01","Proyectos de Investigación del Dpto. de Química Orgánica","10.01.01.01.71","(PARCIALMENTE OCULTO) IND2019/AMB-17142","01012022","0","0","0","0","0"
"023","Universidad Autónoma de Madrid","2022","3","Tasas, Precios Públicos y otros ingresos","39","Otros ingresos","399","Ingresos diversos","399.99","(no descrito)","(no informado)","(no informado)","10","VICERRECTORADO DE POLÍTICA CIENTÍFICA","10.01","Facultad de Ciencias Investigación","10.01.02","Dpto. de Química Física Aplicada","10.01.02.01","(SIN DESCRIPCIÓN)","10.01.02.01.54","(OCULTO)","01012022","0","0","0","0","0"
"023","Universidad Autónoma de Madrid","2022","7","Transferencias de Capital","70","De la Administración del Estado","701","De otros departamentos ministeriales","701.20","(no descrito)","(no informado)","(no informado)","10","VICERRECTORADO DE POLÍTICA CIENTÍFICA","10.01","Facultad de Ciencias Investigación","10.01.02","Dpto. de Química Física Aplicada","10.01.02.01","(SIN DESCRIPCIÓN)","10.01.02.01.67","(OCULTO)","01012022","0","0","0","0","0"
"023","Universidad Autónoma de Madrid","2022","7","Transferencias de Capital","70","De la Administración del Estado","700","MINECO","700.02","(no descrito)","(no informado)","(no informado)","10","VICERRECTORADO DE POLÍTICA CIENTÍFICA","10.01","Facultad de Ciencias Investigación","10.01.03","Dpto. de Física de la Materia Condensada","10.01.03.00","Dpto. de Física de la Materia Condensada","10.01.03.00.01","Retenciones Dpto. de Física de la Materia Condensada","01012022","0","0","0","0","0"
"023","Universidad Autónoma de Madrid","2022","7","Transferencias de Capital","70","De la Administración del Estado","700","MINECO","700.04","(no descrito)","(no informado)","(no informado)","10","VICERRECTORADO DE POLÍTICA CIENTÍFICA","10.01","Facultad de Ciencias Investigación","10.01.03","Dpto. de Física de la Materia Condensada","10.01.03.01","(SIN DESCRIPCIÓN)","10.01.03.01.46","(OCULTO)","01012022","0","0","0","0","0"
"023","Universidad Autónoma de Madrid","2022","7","Transferencias de Capital","70","De la Administración del Estado","700","MINECO","700.04","(no descrito)","(no informado)","(no informado)","10","VICERRECTORADO DE POLÍTICA CIENTÍFICA","10.01","Facultad de Ciencias Investigación","10.01.03","Dpto. de Física de la Materia Condensada","10.01.03.01","(SIN DESCRIPCIÓN)","10.01.03.01.47","(OCULTO)","01012022","0","0","0","0","0"
"023","Universidad Autónoma de Madrid","2022","7","Transferencias de Capital","70","De la Administración del Estado","700","MINECO","700.02","(no descrito)","(no informado)","(no informado)","10","VICERRECTORADO DE POLÍTICA CIENTÍFICA","10.01","Facultad de Ciencias Investigación","10.01.09","Dpto. de Química","10.01.09.00","Dpto. de Química","10.01.09.00.01","Retenciones Dpto. de Química","01012022","0","0","0","0","0"
"023","Universidad Autónoma de Madrid","2022","7","Transferencias de Capital","70","De la Administración del Estado","700","MINECO","700.04","(no descrito)","(no informado)","(no informado)","10","VICERRECTORADO DE POLÍTICA CIENTÍFICA","10.01","Facultad de Ciencias Investigación","10.01.10","Dpto. de Biología Molecular","10.01.10.03","(SIN DESCRIPCIÓN)","10.01.10.03.09","(OCULTO)","01012022","0","0","0","0","0"
"023","Universidad Autónoma de Madrid","2022","7","Transferencias de Capital","70","De la Administración del Estado","700","MINECO","700.04","(no descrito)","(no informado)","(no informado)","10","VICERRECTORADO DE POLÍTICA CIENTÍFICA","10.01","Facultad de Ciencias Investigación","10.01.11","Dpto. de Física Teórica","10.01.11.01","Proyectos de Investigación del Dpto. Física Teórica","10.01.11.01.48","(OCULTO)","01012022","0","0","0","0","0"
"023","Universidad Autónoma de Madrid","2022","7","Transferencias de Capital","70","De la Administración del Estado","700","MINECO","700.04","(no descrito)","(no informado)","(no informado)","10","VICERRECTORADO DE POLÍTICA CIENTÍFICA","10.01","Facultad de Ciencias Investigación","10.01.16","Dpto. de Biología","10.01.16.01","Proyectos de Investigación del Dpto. de Biología","10.01.16.01.52","(OCULTO)","01012022","0","0","0","0","0"
"023","Universidad Autónoma de Madrid","2022","7","Transferencias de Capital","70","De la Administración del Estado","700","MINECO","700.02","(no descrito)","(no informado)","(no informado)","10","VICERRECTORADO DE POLÍTICA CIENTÍFICA","10.02","FACULTAD DE CIENCIAS ECONÓMICAS Y EMPRESARIALES","10.02.07","Dpto. de Financiación e Investigación Comercial","10.02.07.00","Dpto. de Financiación e Investigación Comercial","10.02.07.00.01","Retenciones Dpto. de Financiación e Investigación Comercial","01012022","0","0","0","0","0"
"023","Universidad Autónoma de Madrid","2022","7","Transferencias de Capital","70","De la Administración del Estado","700","MINECO","700.02","(no descrito)","(no informado)","(no informado)","10","VICERRECTORADO DE POLÍTICA CIENTÍFICA","10.03","FACULTAD DE FILOSOFÍA Y LETRAS","10.03.01","(SIN DESCRIPCIÓN)","10.03.01.00","Dpto. de Antropología Social y Pensamiento F. Español","10.03.01.00.01","Retenciones Dpto. de Antropología Social  y Pensamiento F. E","01012022","0","0","0","0","0"
"023","Universidad Autónoma de Madrid","2022","7","Transferencias de Capital","70","De la Administración del Estado","700","MINECO","700.04","(no descrito)","(no informado)","(no informado)","10","VICERRECTORADO DE POLÍTICA CIENTÍFICA","10.03","FACULTAD DE FILOSOFÍA Y LETRAS","10.03.03","(SIN DESCRIPCIÓN)","10.03.03.00","Dpto. de Filología Clásica","10.03.03.00.33","(OCULTO)","01012022","0","0","0","0","0"
"023","Universidad Autónoma de Madrid","2022","7","Transferencias de Capital","70","De la Administración del Estado","700","MINECO","700.02","(no descrito)","(no informado)","(no informado)","10","VICERRECTORADO DE POLÍTICA CIENTÍFICA","10.03","FACULTAD DE FILOSOFÍA Y LETRAS","10.03.08","(SIN DESCRIPCIÓN)","10.03.08.00","Dpto. de Geografía","10.03.08.00.01","Retenciones Dpto. de Geografía","01012022","0","0","0","0","0"
"023","Universidad Autónoma de Madrid","2022","7","Transferencias de Capital","70","De la Administración del Estado","700","MINECO","700.04","(no descrito)","(no informado)","(no informado)","10","VICERRECTORADO DE POLÍTICA CIENTÍFICA","10.03","FACULTAD DE FILOSOFÍA Y LETRAS","10.03.10","(SIN DESCRIPCIÓN)","10.03.10.00","Dpto. de Historia Contemporánea","10.03.10.00.19","(OCULTO)","01012022","0","0","0","0","0"
"023","Universidad Autónoma de Madrid","2022","7","Transferencias de Capital","70","De la Administración del Estado","700","MINECO","700.04","(no descrito)","(no informado)","(no informado)","10","VICERRECTORADO DE POLÍTICA CIENTÍFICA","10.03","FACULTAD DE FILOSOFÍA Y LETRAS","10.03.11","(SIN DESCRIPCIÓN)","10.03.11.00","Dpto. de Historia Moderna","10.03.11.00.30","(PARCIALMENTE OCULTO) BES 2013 066660","01012022","0","0","0","0","0"
"023","Universidad Autónoma de Madrid","2022","7","Transferencias de Capital","70","De la Administración del Estado","700","MINECO","700.02","(no descrito)","(no informado)","(no informado)","10","VICERRECTORADO DE POLÍTICA CIENTÍFICA","10.04","FACULTAD DE MEDICINA","10.04.04","(SIN DESCRIPCIÓN)","10.04.04.00","Dpto. de Farmacología y Terapéutica","10.04.04.00.01","Retenciones Dpto. de Farmacología y Terapéutica","01012022","0","0","0","0","0"
"023","Universidad Autónoma de Madrid","2022","7","Transferencias de Capital","70","De la Administración del Estado","700","MINECO","700.02","(no descrito)","(no informado)","(no informado)","10","VICERRECTORADO DE POLÍTICA CIENTÍFICA","10.05","FACULTAD DE DERECHO","10.05.01","Dpto. de Derecho Público","10.05.01.00","Dpto. de Derecho Público","10.05.01.00.01","Retenciones Dpto. de Derecho Público","01012022","0","0","0","0","0"
"023","Universidad Autónoma de Madrid","2022","3","Tasas, Precios Públicos y otros ingresos","39","Otros ingresos","399","Ingresos diversos","399.99","(no descrito)","(no informado)","(no informado)","10","VICERRECTORADO DE POLÍTICA CIENTÍFICA","10.06","FACULTAD DE PSICOLOGÍA","10.06.01","(SIN DESCRIPCIÓN)","10.06.01.00","Dpto. de Psicología Básica","10.06.01.00.71","(PARCIALMENTE OCULTO) IND2019/SOC-17215","01012022","0","0","0","0","0"
"023","Universidad Autónoma de Madrid","2022","7","Transferencias de Capital","70","De la Administración del Estado","700","MINECO","700.04","(no descrito)","(no informado)","(no informado)","10","VICERRECTORADO DE POLÍTICA CIENTÍFICA","10.06","FACULTAD DE PSICOLOGÍA","10.06.02","(SIN DESCRIPCIÓN)","10.06.02.00","Dpto. de Psicología Biológica y de la Salud","10.06.02.00.62","(OCULTO)","01012022","0","0","0","0","0"
"023","Universidad Autónoma de Madrid","2022","7","Transferencias de Capital","70","De la Administración del Estado","700","MINECO","700.02","(no descrito)","(no informado)","(no informado)","10","VICERRECTORADO DE POLÍTICA CIENTÍFICA","10.06","FACULTAD DE PSICOLOGÍA","10.06.04","(SIN DESCRIPCIÓN)","10.06.04.00","Dpto. de Psicología Social y Metodológica","10.06.04.00.01","Retenciones Dpto. de Psicología Social y Metodológica","01012022","0","0","0","0","0"
"023","Universidad Autónoma de Madrid","2022","3","Tasas, Precios Públicos y otros ingresos","38","Reintegros de operaciones corrientes","381","De ejercicios corrientes","381.00","(no descrito)","(no informado)","(no informado)","10","VICERRECTORADO DE POLÍTICA CIENTÍFICA","10.30","VICEGERENCIA DE ESTUDIOS Y EXTENSION UNIVERSITARIA","10.30.00","Vicegerencia de Estudios y Extensión Universitaria.","(no informado)","(no informado)","(no informado)","(no informado)","01012022","0","0","0","0","0"
"023","Universidad Autónoma de Madrid","2022","3","Tasas, Precios Públicos y otros ingresos","32","Otros ingresos procedentes de prestaciones de servicios","329","De otros servicios","329.99","(no descrito)","(no informado)","(no informado)","10","VICERRECTORADO DE POLÍTICA CIENTÍFICA","10.40","(SIN DESCRIPCIÓN)","10.40.00","Vicegerencia de Investigaión y Desarrollo. Servicio de Inves","(no informado)","(no informado)","(no informado)","(no informado)","01012022","6000","0","6000","0","0"
"023","Universidad Autónoma de Madrid","2022","7","Transferencias de Capital","78","De F. e Instituciones sin fines de lucro","789","De otras Familias e Instituciones sin fines de lucro","789.00","(no descrito)","(no informado)","(no informado)","10","VICERRECTORADO DE POLÍTICA CIENTÍFICA","10.40","(SIN DESCRIPCIÓN)","10.40.00","Vicegerencia de Investigaión y Desarrollo. Servicio de Inves","(no informado)","(no informado)","(no informado)","(no informado)","01012022","0","0","0","0","0"
"023","Universidad Autónoma de Madrid","2022","3","Tasas, Precios Públicos y otros ingresos","32","Otros ingresos procedentes de prestaciones de servicios","329","De otros servicios","329.07","(no descrito)","(no informado)","(no informado)","10","VICERRECTORADO DE POLÍTICA CIENTÍFICA","10.40","(SIN DESCRIPCIÓN)","10.40.00","Vicegerencia de Investigaión y Desarrollo. Servicio de Inves","10.40.00.00","SEGAINVEX","(no informado)","(no informado)","01012022","345000","0","345000","0","0"
"023","Universidad Autónoma de Madrid","2022","3","Tasas, Precios Públicos y otros ingresos","32","Otros ingresos procedentes de prestaciones de servicios","329","De otros servicios","329.07","(no descrito)","(no informado)","(no informado)","10","VICERRECTORADO DE POLÍTICA CIENTÍFICA","10.40","(SIN DESCRIPCIÓN)","10.40.00","Vicegerencia de Investigaión y Desarrollo. Servicio de Inves","10.40.00.02","SIDI Servicio Interdepartamental de Investigación","(no informado)","(no informado)","01012022","415478","0","415478","0","0"
"023","Universidad Autónoma de Madrid","2022","3","Tasas, Precios Públicos y otros ingresos","32","Otros ingresos procedentes de prestaciones de servicios","329","De otros servicios","329.07","(no descrito)","(no informado)","(no informado)","10","VICERRECTORADO DE POLÍTICA CIENTÍFICA","10.40","(SIN DESCRIPCIÓN)","10.40.00","Vicegerencia de Investigaión y Desarrollo. Servicio de Inves","10.40.00.03","CMAM Centro de Microanálisis de Materiales","(no informado)","(no informado)","01012022","35200","0","35200","0","0"
"023","Universidad Autónoma de Madrid","2022","3","Tasas, Precios Públicos y otros ingresos","32","Otros ingresos procedentes de prestaciones de servicios","329","De otros servicios","329.07","(no descrito)","(no informado)","(no informado)","10","VICERRECTORADO DE POLÍTICA CIENTÍFICA","10.40","(SIN DESCRIPCIÓN)","10.40.00","Vicegerencia de Investigaión y Desarrollo. Servicio de Inves","10.40.00.04","GABINETE VETERINARIO","(no informado)","(no informado)","01012022","118000","0","118000","0","0"
"023","Universidad Autónoma de Madrid","2022","3","Tasas, Precios Públicos y otros ingresos","32","Otros ingresos procedentes de prestaciones de servicios","329","De otros servicios","329.07","(no descrito)","(no informado)","(no informado)","10","VICERRECTORADO DE POLÍTICA CIENTÍFICA","10.40","(SIN DESCRIPCIÓN)","10.40.00","Vicegerencia de Investigaión y Desarrollo. Servicio de Inves","10.40.00.05","CCC Centro de Computación Científica","(no informado)","(no informado)","01012022","55000","0","55000","0","0"
"023","Universidad Autónoma de Madrid","2022","3","Tasas, Precios Públicos y otros ingresos","32","Otros ingresos procedentes de prestaciones de servicios","329","De otros servicios","329.07","(no descrito)","(no informado)","(no informado)","10","VICERRECTORADO DE POLÍTICA CIENTÍFICA","10.40","(SIN DESCRIPCIÓN)","10.40.00","Vicegerencia de Investigaión y Desarrollo. Servicio de Inves","10.40.00.06","Instituto de Física Teórica","(no informado)","(no informado)","01012022","4000","0","4000","0","0"
"023","Universidad Autónoma de Madrid","2022","7","Transferencias de Capital","70","De la Administración del Estado","700","MINECO","700.02","(no descrito)","(no informado)","(no informado)","10","VICERRECTORADO DE POLÍTICA CIENTÍFICA","10.40","(SIN DESCRIPCIÓN)","10.40.00","Vicegerencia de Investigaión y Desarrollo. Servicio de Inves","10.40.00.12","Fondos a disposición del Vicerrectorado de Investigación par","(no informado)","(no informado)","01012022","0","0","0","0","0"
"023","Universidad Autónoma de Madrid","2022","7","Transferencias de Capital","70","De la Administración del Estado","700","MINECO","700.02","(no descrito)","(no informado)","(no informado)","10","VICERRECTORADO DE POLÍTICA CIENTÍFICA","10.40","(SIN DESCRIPCIÓN)","10.40.00","Vicegerencia de Investigaión y Desarrollo. Servicio de Inves","10.40.00.16","Fondo de contigencia UAM","(no informado)","(no informado)","01012022","0","0","0","0","0"
"023","Universidad Autónoma de Madrid","2022","7","Transferencias de Capital","78","De F. e Instituciones sin fines de lucro","789","De otras Familias e Instituciones sin fines de lucro","789.99","(no descrito)","(no informado)","(no informado)","10","VICERRECTORADO DE POLÍTICA CIENTÍFICA","10.40","(SIN DESCRIPCIÓN)","10.40.00","Vicegerencia de Investigaión y Desarrollo. Servicio de Inves","10.40.00.17","(PARCIALMENTE OCULTO) Proyecto ayudas Margarita Salas para la formación de jóvenes doctores","(no informado)","(no informado)","01012022","6000","0","6000","0","0"
"023","Universidad Autónoma de Madrid","2022","3","Tasas, Precios Públicos y otros ingresos","39","Otros ingresos","399","Ingresos diversos","399.99","(no descrito)","(no informado)","(no informado)","10","VICERRECTORADO DE POLÍTICA CIENTÍFICA","10.40","(SIN DESCRIPCIÓN)","10.40.01","Vicegerencia de Investigación. Servicio de Investigación. Fi","(no informado)","(no informado)","(no informado)","(no informado)","01012022","47500","0","47500","0","0"
"023","Universidad Autónoma de Madrid","2022","7","Transferencias de Capital","70","De la Administración del Estado","701","De otros departamentos ministeriales","701.02","(no descrito)","(no informado)","(no informado)","10","VICERRECTORADO DE POLÍTICA CIENTÍFICA","10.40","(SIN DESCRIPCIÓN)","10.40.01","Vicegerencia de Investigación. Servicio de Investigación. Fi","(no informado)","(no informado)","(no informado)","(no informado)","01012022","295000","0","295000","0","0"
"023","Universidad Autónoma de Madrid","2022","7","Transferencias de Capital","70","De la Administración del Estado","701","De otros departamentos ministeriales","701.07","(no descrito)","(no informado)","(no informado)","10","VICERRECTORADO DE POLÍTICA CIENTÍFICA","10.40","(SIN DESCRIPCIÓN)","10.40.01","Vicegerencia de Investigación. Servicio de Investigación. Fi","(no informado)","(no informado)","(no informado)","(no informado)","01012022","386270","0","386270","0","0"
"023","Universidad Autónoma de Madrid","2022","7","Transferencias de Capital","75","De Comunidades Autónomas","750","Transfer. Capital de Comunidades","750.01","(no descrito)","(no informado)","(no informado)","10","VICERRECTORADO DE POLÍTICA CIENTÍFICA","10.40","(SIN DESCRIPCIÓN)","10.40.01","Vicegerencia de Investigación. Servicio de Investigación. Fi","(no informado)","(no informado)","(no informado)","(no informado)","01012022","600000","0","600000","0","0"
"023","Universidad Autónoma de Madrid","2022","7","Transferencias de Capital","78","De F. e Instituciones sin fines de lucro","789","De otras Familias e Instituciones sin fines de lucro","789.99","(no descrito)","(no informado)","(no informado)","10","VICERRECTORADO DE POLÍTICA CIENTÍFICA","10.40","(SIN DESCRIPCIÓN)","10.40.01","Vicegerencia de Investigación. Servicio de Investigación. Fi","(no informado)","(no informado)","(no informado)","(no informado)","01012022","75371","0","75371","0","0"
"023","Universidad Autónoma de Madrid","2022","7","Transferencias de Capital","79","Del Exterior","795","De la Unión Europea","(no informado)","(no informado)","(no informado)","(no informado)","10","VICERRECTORADO DE POLÍTICA CIENTÍFICA","10.40","(SIN DESCRIPCIÓN)","10.40.01","Vicegerencia de Investigación. Servicio de Investigación. Fi","(no informado)","(no informado)","(no informado)","(no informado)","01012022","2066185","0","2066185","0","0"
"023","Universidad Autónoma de Madrid","2022","8","Activos financieros","87","Remanente de Tesorería","870","Remanente de Tesorería","870.01","(no descrito)","(no informado)","(no informado)","10","VICERRECTORADO DE POLÍTICA CIENTÍFICA","10.40","(SIN DESCRIPCIÓN)","10.40.01","Vicegerencia de Investigación. Servicio de Investigación. Fi","(no informado)","(no informado)","(no informado)","(no informado)","01012022","273213","0","273213","0","0"
"023","Universidad Autónoma de Madrid","2022","3","Tasas, Precios Públicos y otros ingresos","39","Otros ingresos","399","Ingresos diversos","399.99","(no descrito)","(no informado)","(no informado)","10","VICERRECTORADO DE POLÍTICA CIENTÍFICA","10.40","(SIN DESCRIPCIÓN)","10.40.01","Vicegerencia de Investigación. Servicio de Investigación. Fi","10.40.01.01","Cuenta de retenciones de los Vicerrectorados de Política Científica e Investigación","(no informado)","(no informado)","01012022","39200","0","39200","0","0"
"023","Universidad Autónoma de Madrid","2022","7","Transferencias de Capital","78","De F. e Instituciones sin fines de lucro","789","De otras Familias e Instituciones sin fines de lucro","789.04","(no descrito)","(no informado)","(no informado)","10","VICERRECTORADO DE POLÍTICA CIENTÍFICA","10.40","(SIN DESCRIPCIÓN)","10.40.01","Vicegerencia de Investigación. Servicio de Investigación. Fi","10.40.01.01","Cuenta de retenciones de los Vicerrectorados de Política Científica e Investigación","(no informado)","(no informado)","01012022","700000","0","700000","0","0"
"023","Universidad Autónoma de Madrid","2022","7","Transferencias de Capital","70","De la Administración del Estado","700","MINECO","700.02","(no descrito)","(no informado)","(no informado)","10","VICERRECTORADO DE POLÍTICA CIENTÍFICA","10.40","(SIN DESCRIPCIÓN)","10.40.01","Vicegerencia de Investigación. Servicio de Investigación. Fi","10.40.01.01","Cuenta de retenciones de los Vicerrectorados de Política Científica e Investigación","10.40.01.01.05","Fondo de Contigencia","01012022","0","0","0","0","0"
"023","Universidad Autónoma de Madrid","2022","7","Transferencias de Capital","70","De la Administración del Estado","700","MINECO","700.20","(no descrito)","(no informado)","(no informado)","10","VICERRECTORADO DE POLÍTICA CIENTÍFICA","10.40","(SIN DESCRIPCIÓN)","10.40.01","Vicegerencia de Investigación. Servicio de Investigación. Fi","10.40.01.01","Cuenta de retenciones de los Vicerrectorados de Política Científica e Investigación","10.40.01.01.05","Fondo de Contigencia","01012022","0","0","0","0","0"
"023","Universidad Autónoma de Madrid","2022","7","Transferencias de Capital","70","De la Administración del Estado","701","De otros departamentos ministeriales","701.19","(no descrito)","(no informado)","(no informado)","10","VICERRECTORADO DE POLÍTICA CIENTÍFICA","10.40","(SIN DESCRIPCIÓN)","10.40.01","Vicegerencia de Investigación. Servicio de Investigación. Fi","10.40.01.01","Cuenta de retenciones de los Vicerrectorados de Política Científica e Investigación","10.40.01.01.07","Plan de Recuperación, Transformación y Resiliencia Orden UNI/551/2021","01012022","5499937","0","5499937","0","0"
"023","Universidad Autónoma de Madrid","2022","8","Activos financieros","87","Remanente de Tesorería","870","Remanente de Tesorería","870.01","(no descrito)","(no informado)","(no informado)","10","VICERRECTORADO DE POLÍTICA CIENTÍFICA","10.40","(SIN DESCRIPCIÓN)","10.40.01","Vicegerencia de Investigación. Servicio de Investigación. Fi","10.40.01.01","Cuenta de retenciones de los Vicerrectorados de Política Científica e Investigación","10.40.01.01.07","Plan de Recuperación, Transformación y Resiliencia Orden UNI/551/2021","01012022","5499937","0","5499937","0","0"
"023","Universidad Autónoma de Madrid","2022","7","Transferencias de Capital","70","De la Administración del Estado","700","MINECO","700.09","(no descrito)","(no informado)","(no informado)","10","VICERRECTORADO DE POLÍTICA CIENTÍFICA","10.40","(SIN DESCRIPCIÓN)","10.40.01","Vicegerencia de Investigación. Servicio de Investigación. Fi","10.40.01.02","Contratos Ramón y Cajal","(no informado)","(no informado)","01012022","1617589","0","1617589","0","0"
"023","Universidad Autónoma de Madrid","2022","7","Transferencias de Capital","70","De la Administración del Estado","700","MINECO","700.10","(no descrito)","(no informado)","(no informado)","10","VICERRECTORADO DE POLÍTICA CIENTÍFICA","10.40","(SIN DESCRIPCIÓN)","10.40.01","Vicegerencia de Investigación. Servicio de Investigación. Fi","10.40.01.03","Programa Juan de la Cierva","(no informado)","(no informado)","01012022","869917","0","869917","0","0"
"023","Universidad Autónoma de Madrid","2022","7","Transferencias de Capital","70","De la Administración del Estado","700","MINECO","700.04","(no descrito)","(no informado)","(no informado)","10","VICERRECTORADO DE POLÍTICA CIENTÍFICA","10.40","(SIN DESCRIPCIÓN)","10.40.01","Vicegerencia de Investigación. Servicio de Investigación. Fi","10.40.01.30","Contratos Programa FPI MEC","(no informado)","(no informado)","01012022","3141130","0","3141130","0","0"
"023","Universidad Autónoma de Madrid","2022","7","Transferencias de Capital","70","De la Administración del Estado","700","MINECO","700.03","(no descrito)","(no informado)","(no informado)","10","VICERRECTORADO DE POLÍTICA CIENTÍFICA","10.40","(SIN DESCRIPCIÓN)","10.40.01","Vicegerencia de Investigación. Servicio de Investigación. Fi","10.40.01.31","Contratos y Becas Programa FPU MEC","(no informado)","(no informado)","01012022","2552974","0","2552974","0","0"
"023","Universidad Autónoma de Madrid","2022","7","Transferencias de Capital","75","De Comunidades Autónomas","759","Transferencias de capital otras Comunidades","759.13","(no descrito)","(no informado)","(no informado)","10","VICERRECTORADO DE POLÍTICA CIENTÍFICA","10.40","(SIN DESCRIPCIÓN)","10.40.01","Vicegerencia de Investigación. Servicio de Investigación. Fi","10.40.01.32","Contratos predoctorales Gobierno Vasco","(no informado)","(no informado)","01012022","21130","0","21130","0","0"
"023","Universidad Autónoma de Madrid","2022","7","Transferencias de Capital","70","De la Administración del Estado","700","MINECO","700.11","(no descrito)","(no informado)","(no informado)","10","VICERRECTORADO DE POLÍTICA CIENTÍFICA","10.40","(SIN DESCRIPCIÓN)","10.40.01","Vicegerencia de Investigación. Servicio de Investigación. Fi","10.40.01.42","Programa de movilidad José Castillejo","(no informado)","(no informado)","01012022","196411","0","196411","0","0"
"023","Universidad Autónoma de Madrid","2022","3","Tasas, Precios Públicos y otros ingresos","39","Otros ingresos","399","Ingresos diversos","399.99","(no descrito)","(no informado)","(no informado)","10","VICERRECTORADO DE POLÍTICA CIENTÍFICA","10.40","(SIN DESCRIPCIÓN)","10.40.01","Vicegerencia de Investigación. Servicio de Investigación. Fi","10.40.01.46","Técnicos de apoyo a Infraestructuras I D","(no informado)","(no informado)","01012022","21022","0","21022","0","0"
"023","Universidad Autónoma de Madrid","2022","7","Transferencias de Capital","70","De la Administración del Estado","700","MINECO","700.14","(no descrito)","(no informado)","(no informado)","10","VICERRECTORADO DE POLÍTICA CIENTÍFICA","10.40","(SIN DESCRIPCIÓN)","10.40.01","Vicegerencia de Investigación. Servicio de Investigación. Fi","10.40.01.46","Técnicos de apoyo a Infraestructuras I D","(no informado)","(no informado)","01012022","97978","0","97978","0","0"
"023","Universidad Autónoma de Madrid","2022","7","Transferencias de Capital","70","De la Administración del Estado","700","MINECO","700.18","(no descrito)","(no informado)","(no informado)","10","VICERRECTORADO DE POLÍTICA CIENTÍFICA","10.40","(SIN DESCRIPCIÓN)","10.40.01","Vicegerencia de Investigación. Servicio de Investigación. Fi","10.40.01.60","Programa Salvador Madariaga","(no informado)","(no informado)","01012022","382328","0","382328","0","0"
"023","Universidad Autónoma de Madrid","2022","7","Transferencias de Capital","78","De F. e Instituciones sin fines de lucro","789","De otras Familias e Instituciones sin fines de lucro","789.99","(no descrito)","(no informado)","(no informado)","10","VICERRECTORADO DE POLÍTICA CIENTÍFICA","10.40","(SIN DESCRIPCIÓN)","10.40.01","Vicegerencia de Investigación. Servicio de Investigación. Fi","10.40.01.69","Convenio de Colaboración entre la UAM/Fundación la Caixa","(no informado)","(no informado)","01012022","1018564","0","1018564","0","0"
"023","Universidad Autónoma de Madrid","2022","3","Tasas, Precios Públicos y otros ingresos","39","Otros ingresos","399","Ingresos diversos","399.99","(no descrito)","(no informado)","(no informado)","10","VICERRECTORADO DE POLÍTICA CIENTÍFICA","10.40","(SIN DESCRIPCIÓN)","10.40.01","Vicegerencia de Investigación. Servicio de Investigación. Fi","10.40.01.77","Promoción empleo joven e inplantación garantica junvenil en IDI","(no informado)","(no informado)","01012022","0","0","0","0","0"
"023","Universidad Autónoma de Madrid","2022","7","Transferencias de Capital","70","De la Administración del Estado","700","MINECO","700.19","(no descrito)","(no informado)","(no informado)","10","VICERRECTORADO DE POLÍTICA CIENTÍFICA","10.40","(SIN DESCRIPCIÓN)","10.40.01","Vicegerencia de Investigación. Servicio de Investigación. Fi","10.40.01.77","Promoción empleo joven e inplantación garantica junvenil en IDI","(no informado)","(no informado)","01012022","269679","0","269679","0","0"
"023","Universidad Autónoma de Madrid","2022","7","Transferencias de Capital","78","De F. e Instituciones sin fines de lucro","789","De otras Familias e Instituciones sin fines de lucro","789.04","(no descrito)","(no informado)","(no informado)","10","VICERRECTORADO DE POLÍTICA CIENTÍFICA","10.40","(SIN DESCRIPCIÓN)","10.40.01","Vicegerencia de Investigación. Servicio de Investigación. Fi","10.40.01.77","Promoción empleo joven e inplantación garantica junvenil en IDI","(no informado)","(no informado)","01012022","0","0","0","0","0"
"023","Universidad Autónoma de Madrid","2022","7","Transferencias de Capital","75","De Comunidades Autónomas","750","Transfer. Capital de Comunidades","750.01","(no descrito)","(no informado)","(no informado)","10","VICERRECTORADO DE POLÍTICA CIENTÍFICA","10.40","(SIN DESCRIPCIÓN)","10.40.01","Vicegerencia de Investigación. Servicio de Investigación. Fi","10.40.01.78","Ayudantes Inv.  y Tec. Lab. Empleo Juvenil","(no informado)","(no informado)","01012022","2009972","0","2009972","0","0"
"023","Universidad Autónoma de Madrid","2022","7","Transferencias de Capital","79","Del Exterior","795","De la Unión Europea","(no informado)","(no informado)","(no informado)","(no informado)","10","VICERRECTORADO DE POLÍTICA CIENTÍFICA","10.40","(SIN DESCRIPCIÓN)","10.40.01","Vicegerencia de Investigación. Servicio de Investigación. Fi","10.40.01.79","(PARCIALMENTE OCULTO) GA713366","(no informado)","(no informado)","01012022","0","0","0","0","0"
"023","Universidad Autónoma de Madrid","2022","7","Transferencias de Capital","70","De la Administración del Estado","700","MINECO","700.10","(no descrito)","(no informado)","(no informado)","10","VICERRECTORADO DE POLÍTICA CIENTÍFICA","10.40","(SIN DESCRIPCIÓN)","10.40.01","Vicegerencia de Investigación. Servicio de Investigación. Fi","10.40.01.80","Programa Francisco Tomás y Valiente","(no informado)","(no informado)","01012022","0","0","0","0","0"
"023","Universidad Autónoma de Madrid","2022","7","Transferencias de Capital","75","De Comunidades Autónomas","750","Transfer. Capital de Comunidades","750.01","(no descrito)","(no informado)","(no informado)","10","VICERRECTORADO DE POLÍTICA CIENTÍFICA","10.40","(SIN DESCRIPCIÓN)","10.40.01","Vicegerencia de Investigación. Servicio de Investigación. Fi","10.40.01.81","Captación Talento. Modalidad1","(no informado)","(no informado)","01012022","805518","0","805518","0","0"
"023","Universidad Autónoma de Madrid","2022","7","Transferencias de Capital","75","De Comunidades Autónomas","750","Transfer. Capital de Comunidades","750.01","(no descrito)","(no informado)","(no informado)","10","VICERRECTORADO DE POLÍTICA CIENTÍFICA","10.40","(SIN DESCRIPCIÓN)","10.40.01","Vicegerencia de Investigación. Servicio de Investigación. Fi","10.40.01.82","Captación Talento. Modalidad2","(no informado)","(no informado)","01012022","40000","0","40000","0","0"
"023","Universidad Autónoma de Madrid","2022","3","Tasas, Precios Públicos y otros ingresos","39","Otros ingresos","399","Ingresos diversos","399.99","(no descrito)","(no informado)","(no informado)","10","VICERRECTORADO DE POLÍTICA CIENTÍFICA","10.40","(SIN DESCRIPCIÓN)","10.40.01","Vicegerencia de Investigación. Servicio de Investigación. Fi","10.40.01.83","Predoc y Postdoc Empleo Juvenil C.M.","(no informado)","(no informado)","01012022","31721","0","31721","0","0"
"023","Universidad Autónoma de Madrid","2022","7","Transferencias de Capital","75","De Comunidades Autónomas","750","Transfer. Capital de Comunidades","750.01","(no descrito)","(no informado)","(no informado)","10","VICERRECTORADO DE POLÍTICA CIENTÍFICA","10.40","(SIN DESCRIPCIÓN)","10.40.01","Vicegerencia de Investigación. Servicio de Investigación. Fi","10.40.01.83","Predoc y Postdoc Empleo Juvenil C.M.","(no informado)","(no informado)","01012022","0","0","0","0","0"
"023","Universidad Autónoma de Madrid","2022","7","Transferencias de Capital","78","De F. e Instituciones sin fines de lucro","789","De otras Familias e Instituciones sin fines de lucro","789.04","(no descrito)","(no informado)","(no informado)","10","VICERRECTORADO DE POLÍTICA CIENTÍFICA","10.40","(SIN DESCRIPCIÓN)","10.40.01","Vicegerencia de Investigación. Servicio de Investigación. Fi","10.40.01.83","Predoc y Postdoc Empleo Juvenil C.M.","(no informado)","(no informado)","01012022","8592","0","8592","0","0"
"023","Universidad Autónoma de Madrid","2022","3","Tasas, Precios Públicos y otros ingresos","32","Otros ingresos procedentes de prestaciones de servicios","329","De otros servicios","329.99","(no descrito)","(no informado)","(no informado)","10","VICERRECTORADO DE POLÍTICA CIENTÍFICA","10.40","(SIN DESCRIPCIÓN)","10.40.01","Vicegerencia de Investigación. Servicio de Investigación. Fi","10.40.01.97","Programa de apoyo a Proyectos Internacionales PAPINT","(no informado)","(no informado)","01012022","0","0","0","0","0"
"023","Universidad Autónoma de Madrid","2022","4","Transferencias Corrientes","45","De Comunidades Autónomas","450","Transferencias corrientes de la C.M.","450.06","(no descrito)","(no informado)","(no informado)","12","VICERRECTORADO DE PERSONAL DOCENTE E INVESTIGADOR","12.50","(SIN DESCRIPCIÓN)","12.50.01","Viceg. Recursos Humanos. Nóminas y S.S. PDI. Financiación Afectada.","12.50.01.01","Transformación Contratos Ramón y Cajal","(no informado)","(no informado)","01012022","500000","0","500000","0","0"
"023","Universidad Autónoma de Madrid","2022","4","Transferencias Corrientes","48","De Familias e Inst. sin fines de lucro","489","Otras Transfrencias corrientes de Familias e I. sin fines de lucro","489.04","(no descrito)","(no informado)","(no informado)","12","VICERRECTORADO DE PERSONAL DOCENTE E INVESTIGADOR","12.50","(SIN DESCRIPCIÓN)","12.50.01","Viceg. Recursos Humanos. Nóminas y S.S. PDI. Financiación Afectada.","12.50.01.02","Asociado Programas Específicos","(no informado)","(no informado)","01012022","260000","0","260000","0","0"
"023","Universidad Autónoma de Madrid","2022","3","Tasas, Precios Públicos y otros ingresos","39","Otros ingresos","399","Ingresos diversos","399.01","(no descrito)","(no informado)","(no informado)","12","VICERRECTORADO DE PERSONAL DOCENTE E INVESTIGADOR","12.50","(SIN DESCRIPCIÓN)","12.50.01","Viceg. Recursos Humanos. Nóminas y S.S. PDI. Financiación Afectada.","12.50.01.03","Personal Docente e Investigador Derechos de Examen","(no informado)","(no informado)","01012022","21175","0","21175","0","0"
"023","Universidad Autónoma de Madrid","2022","8","Activos financieros","87","Remanente de Tesorería","870","Remanente de Tesorería","870.03","(no descrito)","(no informado)","(no informado)","13","VICERRECTORADOD DE INTERNACIONALIZACIÓN","(no informado)","(no informado)","(no informado)","(no informado)","(no informado)","(no informado)","(no informado)","(no informado)","01012022","672334","0","672334","0","0"
"023","Universidad Autónoma de Madrid","2022","4","Transferencias Corrientes","40","De la Administración del Estado","400","Del Ministerio de Ciencia e Innovación","(no informado)","(no informado)","(no informado)","(no informado)","13","VICERRECTORADOD DE INTERNACIONALIZACIÓN","13.30","(SIN DESCRIPCIÓN)","13.30.01","Vicegerencia de Estudios y Extensión Universitaria. Financiación Afectada.","(no informado)","(no informado)","(no informado)","(no informado)","01012022","0","0","0","0","0"
"023","Universidad Autónoma de Madrid","2022","4","Transferencias Corrientes","40","De la Administración del Estado","400","Del Ministerio de Ciencia e Innovación","400.00","(no descrito)","(no informado)","(no informado)","13","VICERRECTORADOD DE INTERNACIONALIZACIÓN","13.30","(SIN DESCRIPCIÓN)","13.30.01","Vicegerencia de Estudios y Extensión Universitaria. Financiación Afectada.","(no informado)","(no informado)","(no informado)","(no informado)","01012022","260000","0","260000","0","0"
"023","Universidad Autónoma de Madrid","2022","4","Transferencias Corrientes","40","De la Administración del Estado","400","Del Ministerio de Ciencia e Innovación","400.02","(no descrito)","(no informado)","(no informado)","13","VICERRECTORADOD DE INTERNACIONALIZACIÓN","13.30","(SIN DESCRIPCIÓN)","13.30.01","Vicegerencia de Estudios y Extensión Universitaria. Financiación Afectada.","(no informado)","(no informado)","(no informado)","(no informado)","01012022","2000000","0","2000000","0","0"
"023","Universidad Autónoma de Madrid","2022","4","Transferencias Corrientes","40","De la Administración del Estado","400","Del Ministerio de Ciencia e Innovación","400.04","(no descrito)","(no informado)","(no informado)","13","VICERRECTORADOD DE INTERNACIONALIZACIÓN","13.30","(SIN DESCRIPCIÓN)","13.30.01","Vicegerencia de Estudios y Extensión Universitaria. Financiación Afectada.","(no informado)","(no informado)","(no informado)","(no informado)","01012022","60000","0","60000","0","0"
"023","Universidad Autónoma de Madrid","2022","4","Transferencias Corrientes","40","De la Administración del Estado","400","Del Ministerio de Ciencia e Innovación","400.07","(no descrito)","(no informado)","(no informado)","13","VICERRECTORADOD DE INTERNACIONALIZACIÓN","13.30","(SIN DESCRIPCIÓN)","13.30.01","Vicegerencia de Estudios y Extensión Universitaria. Financiación Afectada.","(no informado)","(no informado)","(no informado)","(no informado)","01012022","20000","0","20000","0","0"
"023","Universidad Autónoma de Madrid","2022","4","Transferencias Corrientes","40","De la Administración del Estado","400","Del Ministerio de Ciencia e Innovación","400.08","(no descrito)","(no informado)","(no informado)","13","VICERRECTORADOD DE INTERNACIONALIZACIÓN","13.30","(SIN DESCRIPCIÓN)","13.30.01","Vicegerencia de Estudios y Extensión Universitaria. Financiación Afectada.","(no informado)","(no informado)","(no informado)","(no informado)","01012022","200000","0","200000","0","0"
"023","Universidad Autónoma de Madrid","2022","4","Transferencias Corrientes","47","De Empresas Privadas","471","Transf. corrientes de Empresas Privadas","471.18","(no descrito)","(no informado)","(no informado)","13","VICERRECTORADOD DE INTERNACIONALIZACIÓN","13.30","(SIN DESCRIPCIÓN)","13.30.01","Vicegerencia de Estudios y Extensión Universitaria. Financiación Afectada.","(no informado)","(no informado)","(no informado)","(no informado)","01012022","1071500","0","1071500","0","0"
"023","Universidad Autónoma de Madrid","2022","4","Transferencias Corrientes","49","Del  Exterior","495","De la Union Europea","(no informado)","(no informado)","(no informado)","(no informado)","13","VICERRECTORADOD DE INTERNACIONALIZACIÓN","13.30","(SIN DESCRIPCIÓN)","13.30.01","Vicegerencia de Estudios y Extensión Universitaria. Financiación Afectada.","(no informado)","(no informado)","(no informado)","(no informado)","01012022","370000","0","370000","0","0"
"023","Universidad Autónoma de Madrid","2022","7","Transferencias de Capital","79","Del Exterior","795","De la Unión Europea","(no informado)","(no informado)","(no informado)","(no informado)","13","VICERRECTORADOD DE INTERNACIONALIZACIÓN","13.30","(SIN DESCRIPCIÓN)","13.30.01","Vicegerencia de Estudios y Extensión Universitaria. Financiación Afectada.","(no informado)","(no informado)","(no informado)","(no informado)","01012022","285000","0","285000","0","0"
"023","Universidad Autónoma de Madrid","2022","8","Activos financieros","87","Remanente de Tesorería","870","Remanente de Tesorería","870.03","(no descrito)","(no informado)","(no informado)","13","VICERRECTORADOD DE INTERNACIONALIZACIÓN","13.30","(SIN DESCRIPCIÓN)","13.30.01","Vicegerencia de Estudios y Extensión Universitaria. Financiación Afectada.","(no informado)","(no informado)","(no informado)","(no informado)","01012022","7325250","0","7325250","0","0"
"023","Universidad Autónoma de Madrid","2022","7","Transferencias de Capital","79","Del Exterior","795","De la Unión Europea","(no informado)","(no informado)","(no informado)","(no informado)","13","VICERRECTORADOD DE INTERNACIONALIZACIÓN","13.30","(SIN DESCRIPCIÓN)","13.30.01","Vicegerencia de Estudios y Extensión Universitaria. Financiación Afectada.","13.30.01.CV","CIVIS-A EUROPEAN CIVIC UNIVERSITY","13.30.01.CV.01","Universidad Europea Civica-CIVIS REF: 612648-EPP-1-2019-FR-EPPKA2-EUR-UNIV","01012022","100000","0","100000","0","0"
"023","Universidad Autónoma de Madrid","2022","8","Activos financieros","87","Remanente de Tesorería","870","Remanente de Tesorería","870.03","(no descrito)","(no informado)","(no informado)","13","VICERRECTORADOD DE INTERNACIONALIZACIÓN","13.30","(SIN DESCRIPCIÓN)","13.30.01","Vicegerencia de Estudios y Extensión Universitaria. Financiación Afectada.","13.30.01.CV","CIVIS-A EUROPEAN CIVIC UNIVERSITY","13.30.01.CV.01","Universidad Europea Civica-CIVIS REF: 612648-EPP-1-2019-FR-EPPKA2-EUR-UNIV","01012022","220000","0","220000","0","0"
"023","Universidad Autónoma de Madrid","2022","3","Tasas, Precios Públicos y otros ingresos","31","Precios Públicos","312","Servicios académicos por otras enseñanzas propias","312.01","(no descrito)","(no informado)","(no informado)","13","VICERRECTORADOD DE INTERNACIONALIZACIÓN","13.30","(SIN DESCRIPCIÓN)","13.30.01","Vicegerencia de Estudios y Extensión Universitaria. Financiación Afectada.","13.30.01.00","(SIN DESCRIPCIÓN)","13.30.01.00.04","Becas Instituto Confucio","01012022","263000","0","263000","0","0"
"023","Universidad Autónoma de Madrid","2022","3","Tasas, Precios Públicos y otros ingresos","31","Precios Públicos","310","Servicios académicos por enseñanzas oficiales","310.04","(no descrito)","(no informado)","(no informado)","13","VICERRECTORADOD DE INTERNACIONALIZACIÓN","13.30","(SIN DESCRIPCIÓN)","13.30.01","Vicegerencia de Estudios y Extensión Universitaria. Financiación Afectada.","13.30.01.00","(SIN DESCRIPCIÓN)","13.30.01.00.70","Máster Eramus Mundus Eurosud","01012022","0","0","0","0","0"
"023","Universidad Autónoma de Madrid","2022","4","Transferencias Corrientes","47","De Empresas Privadas","471","Transf. corrientes de Empresas Privadas","471.18","(no descrito)","(no informado)","(no informado)","13","VICERRECTORADOD DE INTERNACIONALIZACIÓN","13.30","(SIN DESCRIPCIÓN)","13.30.01","Vicegerencia de Estudios y Extensión Universitaria. Financiación Afectada.","13.30.01.00","(SIN DESCRIPCIÓN)","13.30.01.00.78","Becas programa jóvenes investigadores UAM-Santander","01012022","0","0","0","0","0"
"023","Universidad Autónoma de Madrid","2022","7","Transferencias de Capital","79","Del Exterior","795","De la Unión Europea","(no informado)","(no informado)","(no informado)","(no informado)","13","VICERRECTORADOD DE INTERNACIONALIZACIÓN","13.30","(SIN DESCRIPCIÓN)","13.30.01","Vicegerencia de Estudios y Extensión Universitaria. Financiación Afectada.","13.30.01.00","(SIN DESCRIPCIÓN)","13.30.01.00.93","(OCULTO)","01012022","0","0","0","0","0"
"023","Universidad Autónoma de Madrid","2022","8","Activos financieros","87","Remanente de Tesorería","870","Remanente de Tesorería","870.03","(no descrito)","(no informado)","(no informado)","13","VICERRECTORADOD DE INTERNACIONALIZACIÓN","13.30","(SIN DESCRIPCIÓN)","13.30.01","Vicegerencia de Estudios y Extensión Universitaria. Financiación Afectada.","13.30.01.24","Movilidad de estudiantes Erasmus 2006/2007","(no informado)","(no informado)","01012022","0","0","0","0","0"
"023","Universidad Autónoma de Madrid","2022","8","Activos financieros","87","Remanente de Tesorería","870","Remanente de Tesorería","870.03","(no descrito)","(no informado)","(no informado)","13","VICERRECTORADOD DE INTERNACIONALIZACIÓN","13.30","(SIN DESCRIPCIÓN)","13.30.01","Vicegerencia de Estudios y Extensión Universitaria. Financiación Afectada.","13.30.01.25","Becas Internacionales Bancaja","(no informado)","(no informado)","01012022","0","0","0","0","0"
"023","Universidad Autónoma de Madrid","2022","8","Activos financieros","87","Remanente de Tesorería","870","Remanente de Tesorería","870.03","(no descrito)","(no informado)","(no informado)","13","VICERRECTORADOD DE INTERNACIONALIZACIÓN","13.30","(SIN DESCRIPCIÓN)","13.30.01","Vicegerencia de Estudios y Extensión Universitaria. Financiación Afectada.","13.30.01.51","Convenio creación Cátedra Isaac Costero","(no informado)","(no informado)","01012022","122529","0","122529","0","0"
"023","Universidad Autónoma de Madrid","2022","8","Activos financieros","87","Remanente de Tesorería","870","Remanente de Tesorería","870.03","(no descrito)","(no informado)","(no informado)","13","VICERRECTORADOD DE INTERNACIONALIZACIÓN","13.30","(SIN DESCRIPCIÓN)","13.30.01","Vicegerencia de Estudios y Extensión Universitaria. Financiación Afectada.","13.30.01.53","Convenio creación Cátedra en Psiquiatría y Salud","(no informado)","(no informado)","01012022","28251","0","28251","0","0"
"023","Universidad Autónoma de Madrid","2022","8","Activos financieros","87","Remanente de Tesorería","870","Remanente de Tesorería","870.03","(no descrito)","(no informado)","(no informado)","13","VICERRECTORADOD DE INTERNACIONALIZACIÓN","13.30","(SIN DESCRIPCIÓN)","13.30.01","Vicegerencia de Estudios y Extensión Universitaria. Financiación Afectada.","13.30.01.70","Programa becas Iberoamérica. Estudiantes de Grado. Santander Universidades","(no informado)","(no informado)","01012022","0","0","0","0","0"
"023","Universidad Autónoma de Madrid","2022","4","Transferencias Corrientes","49","Del  Exterior","499","Otras transferencias corrientes del exterior","(no informado)","(no informado)","(no informado)","(no informado)","13","VICERRECTORADOD DE INTERNACIONALIZACIÓN","13.30","(SIN DESCRIPCIÓN)","13.30.01","Vicegerencia de Estudios y Extensión Universitaria. Financiación Afectada.","13.30.01.81","Nuevo Programa con la Boston University y la Facultad de Ciencias, becas para asistencia de estudiantes.","(no informado)","(no informado)","01012022","0","0","0","0","0"
"023","Universidad Autónoma de Madrid","2022","8","Activos financieros","87","Remanente de Tesorería","870","Remanente de Tesorería","870.03","(no descrito)","(no informado)","(no informado)","13","VICERRECTORADOD DE INTERNACIONALIZACIÓN","13.30","(SIN DESCRIPCIÓN)","13.30.01","Vicegerencia de Estudios y Extensión Universitaria. Financiación Afectada.","13.30.01.90","Proyecto OSEA Observatorio Social, Económico y Ambiental","(no informado)","(no informado)","01012022","0","0","0","0","0"
"023","Universidad Autónoma de Madrid","2022","4","Transferencias Corrientes","45","De Comunidades Autónomas","450","Transferencias corrientes de la C.M.","450.99","(no descrito)","(no informado)","(no informado)","14","VICERRECTORADO DE ESTUDIANTES Y EMPLEABILIDAD","14.30","VICEGERENCIA DE ESTUDIOS Y EXTENSIÓN UNIVERSITARIA","14.30.01","Vice. Est. y Extensión Universitaria. Financiación Afectada.","(no informado)","(no informado)","(no informado)","(no informado)","01012022","369756","0","369756","0","0"
"023","Universidad Autónoma de Madrid","2022","4","Transferencias Corrientes","47","De Empresas Privadas","471","Transf. corrientes de Empresas Privadas","471.18","(no descrito)","(no informado)","(no informado)","14","VICERRECTORADO DE ESTUDIANTES Y EMPLEABILIDAD","14.30","VICEGERENCIA DE ESTUDIOS Y EXTENSIÓN UNIVERSITARIA","14.30.01","Vice. Est. y Extensión Universitaria. Financiación Afectada.","(no informado)","(no informado)","(no informado)","(no informado)","01012022","0","0","0","0","0"
"023","Universidad Autónoma de Madrid","2022","8","Activos financieros","87","Remanente de Tesorería","870","Remanente de Tesorería","870.03","(no descrito)","(no informado)","(no informado)","14","VICERRECTORADO DE ESTUDIANTES Y EMPLEABILIDAD","14.30","VICEGERENCIA DE ESTUDIOS Y EXTENSIÓN UNIVERSITARIA","14.30.01","Vice. Est. y Extensión Universitaria. Financiación Afectada.","(no informado)","(no informado)","(no informado)","(no informado)","01012022","0","0","0","0","0"
"023","Universidad Autónoma de Madrid","2022","3","Tasas, Precios Públicos y otros ingresos","39","Otros ingresos","399","Ingresos diversos","399.02","(no descrito)","(no informado)","(no informado)","14","VICERRECTORADO DE ESTUDIANTES Y EMPLEABILIDAD","14.60","(SIN DESCRIPCIÓN)","14.60.00","Vicegerencia de Economía y Recursos Materiales","(no informado)","(no informado)","(no informado)","(no informado)","01012022","20000","0","20000","0","0"
"023","Universidad Autónoma de Madrid","2022","3","Tasas, Precios Públicos y otros ingresos","39","Otros ingresos","399","Ingresos diversos","399.06","(no descrito)","(no informado)","(no informado)","14","VICERRECTORADO DE ESTUDIANTES Y EMPLEABILIDAD","14.60","(SIN DESCRIPCIÓN)","14.60.01","Vicegerencia de Economía y Recursos Materiales. Financiación","(no informado)","(no informado)","(no informado)","(no informado)","01012022","30000","0","30000","0","0"
"023","Universidad Autónoma de Madrid","2022","3","Tasas, Precios Públicos y otros ingresos","32","Otros ingresos procedentes de prestaciones de servicios","329","De otros servicios","329.00","(no descrito)","(no informado)","(no informado)","15","CENTROS DOOCENTES Y DEPARTAMENTOS","15.01","FACULTAD DE CIENCIAS","15.01.20","Decanato Facultad de Ciencias","15.01.20.00","Decanato Facultad de Ciencias","(no informado)","(no informado)","01012022","0","0","0","0","0"
"023","Universidad Autónoma de Madrid","2022","3","Tasas, Precios Públicos y otros ingresos","32","Otros ingresos procedentes de prestaciones de servicios","329","De otros servicios","329.00","(no descrito)","(no informado)","(no informado)","15","CENTROS DOOCENTES Y DEPARTAMENTOS","15.02","FACULTAD DE CIENCIAS ECONÓMICAS Y EMPRESARIALES.","15.02.99","Proyectos de la Facultad de Ciencias Económicas y Empresaria","15.02.99.01","Ingresos por facturación Facultad de CC.EE.","(no informado)","(no informado)","01012022","0","0","0","0","0"
"023","Universidad Autónoma de Madrid","2022","3","Tasas, Precios Públicos y otros ingresos","38","Reintegros de operaciones corrientes","381","De ejercicios corrientes","381.00","(no descrito)","(no informado)","(no informado)","15","CENTROS DOOCENTES Y DEPARTAMENTOS","15.03","FACULTAD DE FILOSOFÍA Y LETRAS","15.03.11","Dpto. de Historia Moderna.","(no informado)","(no informado)","(no informado)","(no informado)","01012022","0","0","0","0","0"
"023","Universidad Autónoma de Madrid","2022","3","Tasas, Precios Públicos y otros ingresos","32","Otros ingresos procedentes de prestaciones de servicios","329","De otros servicios","329.00","(no descrito)","(no informado)","(no informado)","15","CENTROS DOOCENTES Y DEPARTAMENTOS","15.05","FACULTAD DE DERECHO","15.05.99","Proyectos Facultad de Derecho","15.05.99.01","Ingresos por facturación Facultad de Derecho","(no informado)","(no informado)","01012022","0","0","0","0","0"
"023","Universidad Autónoma de Madrid","2022","3","Tasas, Precios Públicos y otros ingresos","32","Otros ingresos procedentes de prestaciones de servicios","329","De otros servicios","329.00","(no descrito)","(no informado)","(no informado)","15","CENTROS DOOCENTES Y DEPARTAMENTOS","15.07","FACULTAD DE FORMACIÓN DEL PROFESORADO Y EDUCACIÓN","15.07.99","Proyectos F. de Formación del Profesorado y Educación","15.07.99.01","Ingresos con financiación afectada","(no informado)","(no informado)","01012022","0","0","0","0","0"
"023","Universidad Autónoma de Madrid","2022","3","Tasas, Precios Públicos y otros ingresos","39","Otros ingresos","399","Ingresos diversos","399.01","(no descrito)","(no informado)","(no informado)","16","GERENCIA","16.50","(SIN DESCRIPCIÓN)","16.50.00","V. Recursos H. y Organización","(no informado)","(no informado)","(no informado)","(no informado)","01012022","40000","0","40000","0","0"
"023","Universidad Autónoma de Madrid","2022","3","Tasas, Precios Públicos y otros ingresos","32","Otros ingresos procedentes de prestaciones de servicios","329","De otros servicios","329.00","(no descrito)","(no informado)","(no informado)","16","GERENCIA","16.60","(SIN DESCRIPCIÓN)","16.60.00","Vicegerencia de Economía y Recursos Materiales","(no informado)","(no informado)","(no informado)","(no informado)","01012022","0","0","0","0","0"
"023","Universidad Autónoma de Madrid","2022","3","Tasas, Precios Públicos y otros ingresos","38","Reintegros de operaciones corrientes","381","De ejercicios corrientes","381.00","(no descrito)","(no informado)","(no informado)","16","GERENCIA","16.60","(SIN DESCRIPCIÓN)","16.60.00","Vicegerencia de Economía y Recursos Materiales","(no informado)","(no informado)","(no informado)","(no informado)","01012022","0","0","0","0","0"
"023","Universidad Autónoma de Madrid","2022","3","Tasas, Precios Públicos y otros ingresos","39","Otros ingresos","399","Ingresos diversos","399.05","(no descrito)","(no informado)","(no informado)","16","GERENCIA","16.60","(SIN DESCRIPCIÓN)","16.60.00","Vicegerencia de Economía y Recursos Materiales","(no informado)","(no informado)","(no informado)","(no informado)","01012022","0","0","0","0","0"
"023","Universidad Autónoma de Madrid","2022","3","Tasas, Precios Públicos y otros ingresos","39","Otros ingresos","399","Ingresos diversos","399.10","(no descrito)","(no informado)","(no informado)","16","GERENCIA","16.60","(SIN DESCRIPCIÓN)","16.60.00","Vicegerencia de Economía y Recursos Materiales","(no informado)","(no informado)","(no informado)","(no informado)","01012022","30000","0","30000","0","0"
"023","Universidad Autónoma de Madrid","2022","7","Transferencias de Capital","75","De Comunidades Autónomas","750","Transfer. Capital de Comunidades","750.00","(no descrito)","(no informado)","(no informado)","16","GERENCIA","16.61","(SIN DESCRIPCIÓN)","16.61.01","Vicegerencia Economía y RR. Materiales. Inversiones. Financi","(no informado)","(no informado)","(no informado)","(no informado)","01012022","1001250","0","1001250","0","0"
"023","Universidad Autónoma de Madrid","2022","3","Tasas, Precios Públicos y otros ingresos","32","Otros ingresos procedentes de prestaciones de servicios","324","Derecho de alojamiento, restauración y residencia","324.01","(no descrito)","(no informado)","(no informado)","16","GERENCIA","16.63","(SIN DESCRIPCIÓN)","16.63.00","VICEGERENCIA DE ECONOMIA Y RECURSOS MATERIALES. COLEGIO MAYOR JUAN LUIS VIVES","(no informado)","(no informado)","(no informado)","(no informado)","01012022","0","0","0","0","0"
"023","Universidad Autónoma de Madrid","2022","3","Tasas, Precios Públicos y otros ingresos","32","Otros ingresos procedentes de prestaciones de servicios","324","Derecho de alojamiento, restauración y residencia","324.02","(no descrito)","(no informado)","(no informado)","16","GERENCIA","16.63","(SIN DESCRIPCIÓN)","16.63.00","VICEGERENCIA DE ECONOMIA Y RECURSOS MATERIALES. COLEGIO MAYOR JUAN LUIS VIVES","(no informado)","(no informado)","(no informado)","(no informado)","01012022","0","0","0","0","0"
"023","Universidad Autónoma de Madrid","2022","3","Tasas, Precios Públicos y otros ingresos","32","Otros ingresos procedentes de prestaciones de servicios","329","De otros servicios","329.02","(no descrito)","(no informado)","(no informado)","16","GERENCIA","16.64","(SIN DESCRIPCIÓN)","16.64.00","Vic.de Econmía y RR. Materiales. Escuela Infantil","(no informado)","(no informado)","(no informado)","(no informado)","01012022","0","0","0","0","0"
"023","Universidad Autónoma de Madrid","2022","3","Tasas, Precios Públicos y otros ingresos","31","Precios Públicos","310","Servicios académicos por enseñanzas oficiales","310.01","(no descrito)","(no informado)","(no informado)","18","Universidad Autonoma de Madrid","(no informado)","(no informado)","(no informado)","(no informado)","(no informado)","(no informado)","(no informado)","(no informado)","01012022","35233978","0","35233978","0","0"
"023","Universidad Autónoma de Madrid","2022","3","Tasas, Precios Públicos y otros ingresos","31","Precios Públicos","310","Servicios académicos por enseñanzas oficiales","310.04","(no descrito)","(no informado)","(no informado)","18","Universidad Autonoma de Madrid","(no informado)","(no informado)","(no informado)","(no informado)","(no informado)","(no informado)","(no informado)","(no informado)","01012022","0","0","0","0","0"
"023","Universidad Autónoma de Madrid","2022","3","Tasas, Precios Públicos y otros ingresos","31","Precios Públicos","310","Servicios académicos por enseñanzas oficiales","310.24","(no descrito)","(no informado)","(no informado)","18","Universidad Autonoma de Madrid","(no informado)","(no informado)","(no informado)","(no informado)","(no informado)","(no informado)","(no informado)","(no informado)","01012022","6352089","0","6352089","0","0"
"023","Universidad Autónoma de Madrid","2022","3","Tasas, Precios Públicos y otros ingresos","31","Precios Públicos","311","Servicios académicos por enseñanzas propias","311.00","(no descrito)","(no informado)","(no informado)","18","Universidad Autonoma de Madrid","(no informado)","(no informado)","(no informado)","(no informado)","(no informado)","(no informado)","(no informado)","(no informado)","01012022","735920","0","735920","0","0"
"023","Universidad Autónoma de Madrid","2022","3","Tasas, Precios Públicos y otros ingresos","31","Precios Públicos","312","Servicios académicos por otras enseñanzas propias","312.00","(no descrito)","(no informado)","(no informado)","18","Universidad Autonoma de Madrid","(no informado)","(no informado)","(no informado)","(no informado)","(no informado)","(no informado)","(no informado)","(no informado)","01012022","60000","0","60000","0","0"
"023","Universidad Autónoma de Madrid","2022","3","Tasas, Precios Públicos y otros ingresos","31","Precios Públicos","312","Servicios académicos por otras enseñanzas propias","312.01","(no descrito)","(no informado)","(no informado)","18","Universidad Autonoma de Madrid","(no informado)","(no informado)","(no informado)","(no informado)","(no informado)","(no informado)","(no informado)","(no informado)","01012022","216000","0","216000","0","0"
"023","Universidad Autónoma de Madrid","2022","3","Tasas, Precios Públicos y otros ingresos","31","Precios Públicos","318","De servicios administrativos","318.01","(no descrito)","(no informado)","(no informado)","18","Universidad Autonoma de Madrid","(no informado)","(no informado)","(no informado)","(no informado)","(no informado)","(no informado)","(no informado)","(no informado)","01012022","1085000","0","1085000","0","0"
"023","Universidad Autónoma de Madrid","2022","3","Tasas, Precios Públicos y otros ingresos","32","Otros ingresos procedentes de prestaciones de servicios","324","Derecho de alojamiento, restauración y residencia","324.01","(no descrito)","(no informado)","(no informado)","18","Universidad Autonoma de Madrid","(no informado)","(no informado)","(no informado)","(no informado)","(no informado)","(no informado)","(no informado)","(no informado)","01012022","1400000","0","1400000","0","0"
"023","Universidad Autónoma de Madrid","2022","3","Tasas, Precios Públicos y otros ingresos","32","Otros ingresos procedentes de prestaciones de servicios","329","De otros servicios","329.00","(no descrito)","(no informado)","(no informado)","18","Universidad Autonoma de Madrid","(no informado)","(no informado)","(no informado)","(no informado)","(no informado)","(no informado)","(no informado)","(no informado)","01012022","200000","0","200000","0","0"
"023","Universidad Autónoma de Madrid","2022","3","Tasas, Precios Públicos y otros ingresos","32","Otros ingresos procedentes de prestaciones de servicios","329","De otros servicios","329.02","(no descrito)","(no informado)","(no informado)","18","Universidad Autonoma de Madrid","(no informado)","(no informado)","(no informado)","(no informado)","(no informado)","(no informado)","(no informado)","(no informado)","01012022","117392","0","117392","0","0"
"023","Universidad Autónoma de Madrid","2022","3","Tasas, Precios Públicos y otros ingresos","32","Otros ingresos procedentes de prestaciones de servicios","329","De otros servicios","329.07","(no descrito)","(no informado)","(no informado)","18","Universidad Autonoma de Madrid","(no informado)","(no informado)","(no informado)","(no informado)","(no informado)","(no informado)","(no informado)","(no informado)","01012022","0","0","0","0","0"
"023","Universidad Autónoma de Madrid","2022","3","Tasas, Precios Públicos y otros ingresos","32","Otros ingresos procedentes de prestaciones de servicios","329","De otros servicios","329.08","(no descrito)","(no informado)","(no informado)","18","Universidad Autonoma de Madrid","(no informado)","(no informado)","(no informado)","(no informado)","(no informado)","(no informado)","(no informado)","(no informado)","01012022","2789408","0","2789408","0","0"
"023","Universidad Autónoma de Madrid","2022","3","Tasas, Precios Públicos y otros ingresos","33","Venta de bienes","330","Venta de Publicaciones Propias","330.00","(no descrito)","(no informado)","(no informado)","18","Universidad Autonoma de Madrid","(no informado)","(no informado)","(no informado)","(no informado)","(no informado)","(no informado)","(no informado)","(no informado)","01012022","16000","0","16000","0","0"
"023","Universidad Autónoma de Madrid","2022","3","Tasas, Precios Públicos y otros ingresos","33","Venta de bienes","332","Venta de fotocopias y otros productos reprografi","(no informado)","(no informado)","(no informado)","(no informado)","18","Universidad Autonoma de Madrid","(no informado)","(no informado)","(no informado)","(no informado)","(no informado)","(no informado)","(no informado)","(no informado)","01012022","6000","0","6000","0","0"
"023","Universidad Autónoma de Madrid","2022","3","Tasas, Precios Públicos y otros ingresos","38","Reintegros de operaciones corrientes","380","De ejercicios cerrados","(no informado)","(no informado)","(no informado)","(no informado)","18","Universidad Autonoma de Madrid","(no informado)","(no informado)","(no informado)","(no informado)","(no informado)","(no informado)","(no informado)","(no informado)","01012022","0","0","0","0","0"
"023","Universidad Autónoma de Madrid","2022","3","Tasas, Precios Públicos y otros ingresos","38","Reintegros de operaciones corrientes","381","De ejercicios corrientes","381.00","(no descrito)","(no informado)","(no informado)","18","Universidad Autonoma de Madrid","(no informado)","(no informado)","(no informado)","(no informado)","(no informado)","(no informado)","(no informado)","(no informado)","01012022","250000","0","250000","0","0"
"023","Universidad Autónoma de Madrid","2022","3","Tasas, Precios Públicos y otros ingresos","39","Otros ingresos","399","Ingresos diversos","399.02","(no descrito)","(no informado)","(no informado)","18","Universidad Autonoma de Madrid","(no informado)","(no informado)","(no informado)","(no informado)","(no informado)","(no informado)","(no informado)","(no informado)","01012022","233000","0","233000","0","0"
"023","Universidad Autónoma de Madrid","2022","3","Tasas, Precios Públicos y otros ingresos","39","Otros ingresos","399","Ingresos diversos","399.11","(no descrito)","(no informado)","(no informado)","18","Universidad Autonoma de Madrid","(no informado)","(no informado)","(no informado)","(no informado)","(no informado)","(no informado)","(no informado)","(no informado)","01012022","2032800","0","2032800","0","0"
"023","Universidad Autónoma de Madrid","2022","3","Tasas, Precios Públicos y otros ingresos","39","Otros ingresos","399","Ingresos diversos","399.99","(no descrito)","(no informado)","(no informado)","18","Universidad Autonoma de Madrid","(no informado)","(no informado)","(no informado)","(no informado)","(no informado)","(no informado)","(no informado)","(no informado)","01012022","2950000","0","2950000","0","0"
"023","Universidad Autónoma de Madrid","2022","4","Transferencias Corrientes","41","De Organismos Autonómos Administrativos","410","De Organismos Autonómos Administrativos","410.12","(no descrito)","(no informado)","(no informado)","18","Universidad Autonoma de Madrid","(no informado)","(no informado)","(no informado)","(no informado)","(no informado)","(no informado)","(no informado)","(no informado)","01012022","380000","0","380000","0","0"
"023","Universidad Autónoma de Madrid","2022","4","Transferencias Corrientes","45","De Comunidades Autónomas","450","Transferencias corrientes de la C.M.","450.00","(no descrito)","(no informado)","(no informado)","18","Universidad Autonoma de Madrid","(no informado)","(no informado)","(no informado)","(no informado)","(no informado)","(no informado)","(no informado)","(no informado)","01012022","152215986","0","152215986","0","0"
"023","Universidad Autónoma de Madrid","2022","4","Transferencias Corrientes","45","De Comunidades Autónomas","450","Transferencias corrientes de la C.M.","450.04","(no descrito)","(no informado)","(no informado)","18","Universidad Autonoma de Madrid","(no informado)","(no informado)","(no informado)","(no informado)","(no informado)","(no informado)","(no informado)","(no informado)","01012022","246814","0","246814","0","0"
"023","Universidad Autónoma de Madrid","2022","4","Transferencias Corrientes","45","De Comunidades Autónomas","450","Transferencias corrientes de la C.M.","450.10","(no descrito)","(no informado)","(no informado)","18","Universidad Autonoma de Madrid","(no informado)","(no informado)","(no informado)","(no informado)","(no informado)","(no informado)","(no informado)","(no informado)","01012022","0","0","0","0","0"
"023","Universidad Autónoma de Madrid","2022","5","Ingresos  Patrimoniales","55","Productos de concesiones y aprovechamientos esp.","(no informado)","(no informado)","(no informado)","(no informado)","(no informado)","(no informado)","18","Universidad Autonoma de Madrid","(no informado)","(no informado)","(no informado)","(no informado)","(no informado)","(no informado)","(no informado)","(no informado)","01012022","0","0","0","0","0"
"023","Universidad Autónoma de Madrid","2022","5","Ingresos  Patrimoniales","55","Productos de concesiones y aprovechamientos esp.","550","Productos de concesiones administrativas","(no informado)","(no informado)","(no informado)","(no informado)","18","Universidad Autonoma de Madrid","(no informado)","(no informado)","(no informado)","(no informado)","(no informado)","(no informado)","(no informado)","(no informado)","01012022","940000","0","940000","0","0"
"023","Universidad Autónoma de Madrid","2022","5","Ingresos  Patrimoniales","55","Productos de concesiones y aprovechamientos esp.","550","Productos de concesiones administrativas","550.01","(no descrito)","(no informado)","(no informado)","18","Universidad Autonoma de Madrid","(no informado)","(no informado)","(no informado)","(no informado)","(no informado)","(no informado)","(no informado)","(no informado)","01012022","0","0","0","0","0"
"023","Universidad Autónoma de Madrid","2022","7","Transferencias de Capital","75","De Comunidades Autónomas","750","Transfer. Capital de Comunidades","750.99","(no descrito)","(no informado)","(no informado)","18","Universidad Autonoma de Madrid","(no informado)","(no informado)","(no informado)","(no informado)","(no informado)","(no informado)","(no informado)","(no informado)","01012022","4787605","0","4787605","0","0"
"023","Universidad Autónoma de Madrid","2022","8","Activos financieros","83","Reintegros de prestamos","830","Reintegros de préstamos a corto plazo","830.00","(no descrito)","(no informado)","(no informado)","18","Universidad Autonoma de Madrid","(no informado)","(no informado)","(no informado)","(no informado)","(no informado)","(no informado)","(no informado)","(no informado)","01012022","240000","0","240000","0","0"
"023","Universidad Autónoma de Madrid","2022","8","Activos financieros","83","Reintegros de prestamos","830","Reintegros de préstamos a corto plazo","830.01","(no descrito)","(no informado)","(no informado)","18","Universidad Autonoma de Madrid","(no informado)","(no informado)","(no informado)","(no informado)","(no informado)","(no informado)","(no informado)","(no informado)","01012022","260000","0","260000","0","0"
"023","Universidad Autónoma de Madrid","2022","8","Activos financieros","87","Remanente de Tesorería","870","Remanente de Tesorería","870.00","(no descrito)","(no informado)","(no informado)","18","Universidad Autonoma de Madrid","(no informado)","(no informado)","(no informado)","(no informado)","(no informado)","(no informado)","(no informado)","(no informado)","01012022","4543339","0","4543339","0","0"
"023","Universidad Autónoma de Madrid","2022","8","Activos financieros","87","Remanente de Tesorería","870","Remanente de Tesorería","870.03","(no descrito)","(no informado)","(no informado)","18","Universidad Autonoma de Madrid","(no informado)","(no informado)","(no informado)","(no informado)","(no informado)","(no informado)","(no informado)","(no informado)","01012022","2331538","0","2331538","0","0"
"023","Universidad Autónoma de Madrid","2022","3","Tasas, Precios Públicos y otros ingresos","31","Precios Públicos","310","Servicios académicos por enseñanzas oficiales","310.01","(no descrito)","(no informado)","(no informado)","18","Universidad Autonoma de Madrid","18.00","Presupuesto de Ingresos. Ingresos Generales","(no informado)","(no informado)","(no informado)","(no informado)","(no informado)","(no informado)","01012022","0","0","0","0","0"
"023","Universidad Autónoma de Madrid","2022","3","Tasas, Precios Públicos y otros ingresos","31","Precios Públicos","310","Servicios académicos por enseñanzas oficiales","310.04","(no descrito)","(no informado)","(no informado)","18","Universidad Autonoma de Madrid","18.00","Presupuesto de Ingresos. Ingresos Generales","(no informado)","(no informado)","(no informado)","(no informado)","(no informado)","(no informado)","01012022","0","0","0","0","0"
"023","Universidad Autónoma de Madrid","2022","3","Tasas, Precios Públicos y otros ingresos","31","Precios Públicos","310","Servicios académicos por enseñanzas oficiales","310.05","(no descrito)","(no informado)","(no informado)","18","Universidad Autonoma de Madrid","18.00","Presupuesto de Ingresos. Ingresos Generales","(no informado)","(no informado)","(no informado)","(no informado)","(no informado)","(no informado)","01012022","0","0","0","0","0"
"023","Universidad Autónoma de Madrid","2022","3","Tasas, Precios Públicos y otros ingresos","32","Otros ingresos procedentes de prestaciones de servicios","329","De otros servicios","329.99","(no descrito)","(no informado)","(no informado)","18","Universidad Autonoma de Madrid","18.00","Presupuesto de Ingresos. Ingresos Generales","(no informado)","(no informado)","(no informado)","(no informado)","(no informado)","(no informado)","01012022","0","0","0","0","0"
"023","Universidad Autónoma de Madrid","2022","3","Tasas, Precios Públicos y otros ingresos","33","Venta de bienes","330","Venta de Publicaciones Propias","330.00","(no descrito)","(no informado)","(no informado)","18","Universidad Autonoma de Madrid","18.00","Presupuesto de Ingresos. Ingresos Generales","(no informado)","(no informado)","(no informado)","(no informado)","(no informado)","(no informado)","01012022","0","0","0","0","0"
"023","Universidad Autónoma de Madrid","2022","3","Tasas, Precios Públicos y otros ingresos","39","Otros ingresos","399","Ingresos diversos","399.02","(no descrito)","(no informado)","(no informado)","18","Universidad Autonoma de Madrid","18.00","Presupuesto de Ingresos. Ingresos Generales","(no informado)","(no informado)","(no informado)","(no informado)","(no informado)","(no informado)","01012022","0","0","0","0","0"
"023","Universidad Autónoma de Madrid","2022","3","Tasas, Precios Públicos y otros ingresos","39","Otros ingresos","399","Ingresos diversos","399.11","(no descrito)","(no informado)","(no informado)","18","Universidad Autonoma de Madrid","18.00","Presupuesto de Ingresos. Ingresos Generales","(no informado)","(no informado)","(no informado)","(no informado)","(no informado)","(no informado)","01012022","0","0","0","0","0"
"023","Universidad Autónoma de Madrid","2022","7","Transferencias de Capital","78","De F. e Instituciones sin fines de lucro","789","De otras Familias e Instituciones sin fines de lucro","789.99","(no descrito)","(no informado)","(no informado)","22","VICERRECTORADO DE POLÍTICA CIENTÍFICA E INFRAESTRUCTURAS DE INVESTIGACIÓN","22.40","VICEGERENCIA DE INVESTIGACIÓN Y DESARROLLO. SERVICIO DE INVESTIGACIÓN","22.40.00","VICEGERENCIA DE INVESTIGACIÓN Y DESARROLLO. SERVICIO DE INVESTIGACIÓN","22.40.00.17","Centro de Investigación de Derecho Registral (CIDRE)","(no informado)","(no informado)","01012022","0","0","0","0","0"
"023","Universidad Autónoma de Madrid","2022","3","Tasas, Precios Públicos y otros ingresos","32","Otros ingresos procedentes de prestaciones de servicios","329","De otros servicios","329.99","(no descrito)","(no informado)","(no informado)","24","VICERRECTORADO DE TRANSFERENCIA, INNOVACIÓN Y CULTURA","24.30","(SIN DESCRIPCIÓN)","24.30.00","Vicegerencia de Estudios y Extensión Universitaria","(no informado)","(no informado)","(no informado)","(no informado)","01012022","118279","0","118279","0","0"
"023","Universidad Autónoma de Madrid","2022","4","Transferencias Corrientes","47","De Empresas Privadas","471","Transf. corrientes de Empresas Privadas","471.18","(no descrito)","(no informado)","(no informado)","24","VICERRECTORADO DE TRANSFERENCIA, INNOVACIÓN Y CULTURA","24.60","(SIN DESCRIPCIÓN)","24.60.00","Vicegerencia de Economía y Recursos Materiales","(no informado)","(no informado)","(no informado)","(no informado)","01012022","550000","0","550000","0","0"
"023","Universidad Autónoma de Madrid","2022","3","Tasas, Precios Públicos y otros ingresos","32","Otros ingresos procedentes de prestaciones de servicios","329","De otros servicios","329.04","(no descrito)","(no informado)","(no informado)","24","VICERRECTORADO DE TRANSFERENCIA, INNOVACIÓN Y CULTURA","24.60","(SIN DESCRIPCIÓN)","24.60.01","Vicegerencia de Economía y Recursos Materiales FA","(no informado)","(no informado)","(no informado)","(no informado)","01012022","8855480","0","8855480","0","0"
